init_node;term_node;capacity;length;free_flow_time;b;power;speed;toll;link_type
1;170;9.999.990.000.000.000;   0.0000000000 ; 0.0000000000 ;0.0000000000 ;4.000.000;0.000000 ;0.000000 ;0
1;269;9.999.990.000.000.000;   0.0000000000 ; 0.0000000000 ;0.0000000000 ;4.000.000;0.000000 ;0.000000 ;0
1;329;9.999.990.000.000.000;   0.0000000000 ; 0.0000000000 ;0.0000000000 ;4.000.000;0.000000 ;0.000000 ;0
1;348;9.999.990.000.000.000;   0.0000000000 ; 0.0000000000 ;0.0000000000 ;4.000.000;0.000000 ;0.000000 ;0
2;204;9.999.990.000.000.000;   0.0000000000 ; 0.0000000000 ;0.0000000000 ;4.000.000;0.000000 ;0.000000 ;0
2;209;9.999.990.000.000.000;   0.0000000000 ; 0.0000000000 ;0.0000000000 ;4.000.000;0.000000 ;0.000000 ;0
2;219;9.999.990.000.000.000;   0.0000000000 ; 0.0000000000 ;0.0000000000 ;4.000.000;0.000000 ;0.000000 ;0
2;221;9.999.990.000.000.000;   0.0000000000 ; 0.0000000000 ;0.0000000000 ;4.000.000;0.000000 ;0.000000 ;0
3;155;9.999.990.000.000.000;   0.0000000000 ; 0.0000000000 ;0.0000000000 ;4.000.000;0.000000 ;0.000000 ;0
3;161;9.999.990.000.000.000;   0.0000000000 ; 0.0000000000 ;0.0000000000 ;4.000.000;0.000000 ;0.000000 ;0
3;195;9.999.990.000.000.000;   0.0000000000 ; 0.0000000000 ;0.0000000000 ;4.000.000;0.000000 ;0.000000 ;0
3;346;9.999.990.000.000.000;   0.0000000000 ; 0.0000000000 ;0.0000000000 ;4.000.000;0.000000 ;0.000000 ;0
4;298;9.999.990.000.000.000;   0.0000000000 ; 0.0000000000 ;0.0000000000 ;4.000.000;0.000000 ;0.000000 ;0
4;299;9.999.990.000.000.000;   0.0000000000 ; 0.0000000000 ;0.0000000000 ;4.000.000;0.000000 ;0.000000 ;0
4;303;9.999.990.000.000.000;   0.0000000000 ; 0.0000000000 ;0.0000000000 ;4.000.000;0.000000 ;0.000000 ;0
4;312;9.999.990.000.000.000;   0.0000000000 ; 0.0000000000 ;0.0000000000 ;4.000.000;0.000000 ;0.000000 ;0
5;264;9.999.990.000.000.000;   0.0000000000 ; 0.0000000000 ;0.0000000000 ;4.000.000;0.000000 ;0.000000 ;0
5;270;9.999.990.000.000.000;   0.0000000000 ; 0.0000000000 ;0.0000000000 ;4.000.000;0.000000 ;0.000000 ;0
5;272;9.999.990.000.000.000;   0.0000000000 ; 0.0000000000 ;0.0000000000 ;4.000.000;0.000000 ;0.000000 ;0
5;273;9.999.990.000.000.000;   0.0000000000 ; 0.0000000000 ;0.0000000000 ;4.000.000;0.000000 ;0.000000 ;0
6;68;9.999.990.000.000.000;   0.0000000000 ; 0.0000000000 ;0.0000000000 ;4.000.000;0.000000 ;0.000000 ;0
6;69;9.999.990.000.000.000;   0.0000000000 ; 0.0000000000 ;0.0000000000 ;4.000.000;0.000000 ;0.000000 ;0
6;70;9.999.990.000.000.000;   0.0000000000 ; 0.0000000000 ;0.0000000000 ;4.000.000;0.000000 ;0.000000 ;0
6;71;9.999.990.000.000.000;   0.0000000000 ; 0.0000000000 ;0.0000000000 ;4.000.000;0.000000 ;0.000000 ;0
7;86;9.999.990.000.000.000;   0.0000000000 ; 0.0000000000 ;0.0000000000 ;4.000.000;0.000000 ;0.000000 ;0
7;87;9.999.990.000.000.000;   0.0000000000 ; 0.0000000000 ;0.0000000000 ;4.000.000;0.000000 ;0.000000 ;0
7;88;9.999.990.000.000.000;   0.0000000000 ; 0.0000000000 ;0.0000000000 ;4.000.000;0.000000 ;0.000000 ;0
7;89;9.999.990.000.000.000;   0.0000000000 ; 0.0000000000 ;0.0000000000 ;4.000.000;0.000000 ;0.000000 ;0
8;99;9.999.990.000.000.000;   0.0000000000 ; 0.0000000000 ;0.0000000000 ;4.000.000;0.000000 ;0.000000 ;0
8;117;9.999.990.000.000.000;   0.0000000000 ; 0.0000000000 ;0.0000000000 ;4.000.000;0.000000 ;0.000000 ;0
8;121;9.999.990.000.000.000;   0.0000000000 ; 0.0000000000 ;0.0000000000 ;4.000.000;0.000000 ;0.000000 ;0
8;134;9.999.990.000.000.000;   0.0000000000 ; 0.0000000000 ;0.0000000000 ;4.000.000;0.000000 ;0.000000 ;0
9;83;9.999.990.000.000.000;   0.0000000000 ; 0.0000000000 ;0.0000000000 ;4.000.000;0.000000 ;0.000000 ;0
9;84;9.999.990.000.000.000;   0.0000000000 ; 0.0000000000 ;0.0000000000 ;4.000.000;0.000000 ;0.000000 ;0
9;95;9.999.990.000.000.000;   0.0000000000 ; 0.0000000000 ;0.0000000000 ;4.000.000;0.000000 ;0.000000 ;0
9;97;9.999.990.000.000.000;   0.0000000000 ; 0.0000000000 ;0.0000000000 ;4.000.000;0.000000 ;0.000000 ;0
10;172;9.999.990.000.000.000;   0.0000000000 ; 0.0000000000 ;0.0000000000 ;4.000.000;0.000000 ;0.000000 ;0
10;175;9.999.990.000.000.000;   0.0000000000 ; 0.0000000000 ;0.0000000000 ;4.000.000;0.000000 ;0.000000 ;0
10;238;9.999.990.000.000.000;   0.0000000000 ; 0.0000000000 ;0.0000000000 ;4.000.000;0.000000 ;0.000000 ;0
10;242;9.999.990.000.000.000;   0.0000000000 ; 0.0000000000 ;0.0000000000 ;4.000.000;0.000000 ;0.000000 ;0
11;27;9.999.990.000.000.000;   0.0000000000 ; 0.0000000000 ;0.0000000000 ;4.000.000;0.000000 ;0.000000 ;0
11;186;9.999.990.000.000.000;   0.0000000000 ; 0.0000000000 ;0.0000000000 ;4.000.000;0.000000 ;0.000000 ;0
11;191;9.999.990.000.000.000;   0.0000000000 ; 0.0000000000 ;0.0000000000 ;4.000.000;0.000000 ;0.000000 ;0
11;192;9.999.990.000.000.000;   0.0000000000 ; 0.0000000000 ;0.0000000000 ;4.000.000;0.000000 ;0.000000 ;0
12;37;9.999.990.000.000.000;   0.0000000000 ; 0.0000000000 ;0.0000000000 ;4.000.000;0.000000 ;0.000000 ;0
12;38;9.999.990.000.000.000;   0.0000000000 ; 0.0000000000 ;0.0000000000 ;4.000.000;0.000000 ;0.000000 ;0
12;64;9.999.990.000.000.000;   0.0000000000 ; 0.0000000000 ;0.0000000000 ;4.000.000;0.000000 ;0.000000 ;0
12;65;9.999.990.000.000.000;   0.0000000000 ; 0.0000000000 ;0.0000000000 ;4.000.000;0.000000 ;0.000000 ;0
13;205;9.999.990.000.000.000;   0.0000000000 ; 0.0000000000 ;0.0000000000 ;4.000.000;0.000000 ;0.000000 ;0
13;206;9.999.990.000.000.000;   0.0000000000 ; 0.0000000000 ;0.0000000000 ;4.000.000;0.000000 ;0.000000 ;0
13;226;9.999.990.000.000.000;   0.0000000000 ; 0.0000000000 ;0.0000000000 ;4.000.000;0.000000 ;0.000000 ;0
13;315;9.999.990.000.000.000;   0.0000000000 ; 0.0000000000 ;0.0000000000 ;4.000.000;0.000000 ;0.000000 ;0
14;255;9.999.990.000.000.000;   0.0000000000 ; 0.0000000000 ;0.0000000000 ;4.000.000;0.000000 ;0.000000 ;0
14;256;9.999.990.000.000.000;   0.0000000000 ; 0.0000000000 ;0.0000000000 ;4.000.000;0.000000 ;0.000000 ;0
14;259;9.999.990.000.000.000;   0.0000000000 ; 0.0000000000 ;0.0000000000 ;4.000.000;0.000000 ;0.000000 ;0
14;260;9.999.990.000.000.000;   0.0000000000 ; 0.0000000000 ;0.0000000000 ;4.000.000;0.000000 ;0.000000 ;0
15;318;9.999.990.000.000.000;   0.0000000000 ; 0.0000000000 ;0.0000000000 ;4.000.000;0.000000 ;0.000000 ;0
15;319;9.999.990.000.000.000;   0.0000000000 ; 0.0000000000 ;0.0000000000 ;4.000.000;0.000000 ;0.000000 ;0
15;320;9.999.990.000.000.000;   0.0000000000 ; 0.0000000000 ;0.0000000000 ;4.000.000;0.000000 ;0.000000 ;0
15;323;9.999.990.000.000.000;   0.0000000000 ; 0.0000000000 ;0.0000000000 ;4.000.000;0.000000 ;0.000000 ;0
16;155;9.999.990.000.000.000;   0.0000000000 ; 0.0000000000 ;0.0000000000 ;4.000.000;0.000000 ;0.000000 ;0
16;277;9.999.990.000.000.000;   0.0000000000 ; 0.0000000000 ;0.0000000000 ;4.000.000;0.000000 ;0.000000 ;0
16;282;9.999.990.000.000.000;   0.0000000000 ; 0.0000000000 ;0.0000000000 ;4.000.000;0.000000 ;0.000000 ;0
16;285;9.999.990.000.000.000;   0.0000000000 ; 0.0000000000 ;0.0000000000 ;4.000.000;0.000000 ;0.000000 ;0
17;140;9.999.990.000.000.000;   0.0000000000 ; 0.0000000000 ;0.0000000000 ;4.000.000;0.000000 ;0.000000 ;0
17;142;9.999.990.000.000.000;   0.0000000000 ; 0.0000000000 ;0.0000000000 ;4.000.000;0.000000 ;0.000000 ;0
17;149;9.999.990.000.000.000;   0.0000000000 ; 0.0000000000 ;0.0000000000 ;4.000.000;0.000000 ;0.000000 ;0
17;151;9.999.990.000.000.000;   0.0000000000 ; 0.0000000000 ;0.0000000000 ;4.000.000;0.000000 ;0.000000 ;0
18;145;9.999.990.000.000.000;   0.0000000000 ; 0.0000000000 ;0.0000000000 ;4.000.000;0.000000 ;0.000000 ;0
18;146;9.999.990.000.000.000;   0.0000000000 ; 0.0000000000 ;0.0000000000 ;4.000.000;0.000000 ;0.000000 ;0
18;156;9.999.990.000.000.000;   0.0000000000 ; 0.0000000000 ;0.0000000000 ;4.000.000;0.000000 ;0.000000 ;0
18;157;9.999.990.000.000.000;   0.0000000000 ; 0.0000000000 ;0.0000000000 ;4.000.000;0.000000 ;0.000000 ;0
19;46;9.999.990.000.000.000;   0.0000000000 ; 0.0000000000 ;0.0000000000 ;4.000.000;0.000000 ;0.000000 ;0
19;49;9.999.990.000.000.000;   0.0000000000 ; 0.0000000000 ;0.0000000000 ;4.000.000;0.000000 ;0.000000 ;0
19;334;9.999.990.000.000.000;   0.0000000000 ; 0.0000000000 ;0.0000000000 ;4.000.000;0.000000 ;0.000000 ;0
19;337;9.999.990.000.000.000;   0.0000000000 ; 0.0000000000 ;0.0000000000 ;4.000.000;0.000000 ;0.000000 ;0
20;209;9.999.990.000.000.000;   0.0000000000 ; 0.0000000000 ;0.0000000000 ;4.000.000;0.000000 ;0.000000 ;0
20;212;9.999.990.000.000.000;   0.0000000000 ; 0.0000000000 ;0.0000000000 ;4.000.000;0.000000 ;0.000000 ;0
20;215;9.999.990.000.000.000;   0.0000000000 ; 0.0000000000 ;0.0000000000 ;4.000.000;0.000000 ;0.000000 ;0
20;324;9.999.990.000.000.000;   0.0000000000 ; 0.0000000000 ;0.0000000000 ;4.000.000;0.000000 ;0.000000 ;0
21;205;9.999.990.000.000.000;   0.0000000000 ; 0.0000000000 ;0.0000000000 ;4.000.000;0.000000 ;0.000000 ;0
21;314;9.999.990.000.000.000;   0.0000000000 ; 0.0000000000 ;0.0000000000 ;4.000.000;0.000000 ;0.000000 ;0
21;315;9.999.990.000.000.000;   0.0000000000 ; 0.0000000000 ;0.0000000000 ;4.000.000;0.000000 ;0.000000 ;0
21;349;9.999.990.000.000.000;   0.0000000000 ; 0.0000000000 ;0.0000000000 ;4.000.000;0.000000 ;0.000000 ;0
22;352;9.999.990.000.000.000;   0.0000000000 ; 0.0000000000 ;0.0000000000 ;4.000.000;0.000000 ;0.000000 ;0
22;355;9.999.990.000.000.000;   0.0000000000 ; 0.0000000000 ;0.0000000000 ;4.000.000;0.000000 ;0.000000 ;0
22;356;9.999.990.000.000.000;   0.0000000000 ; 0.0000000000 ;0.0000000000 ;4.000.000;0.000000 ;0.000000 ;0
22;357;9.999.990.000.000.000;   0.0000000000 ; 0.0000000000 ;0.0000000000 ;4.000.000;0.000000 ;0.000000 ;0
23;166;9.999.990.000.000.000;   0.0000000000 ; 0.0000000000 ;0.0000000000 ;4.000.000;0.000000 ;0.000000 ;0
23;351;9.999.990.000.000.000;   0.0000000000 ; 0.0000000000 ;0.0000000000 ;4.000.000;0.000000 ;0.000000 ;0
23;352;9.999.990.000.000.000;   0.0000000000 ; 0.0000000000 ;0.0000000000 ;4.000.000;0.000000 ;0.000000 ;0
23;353;9.999.990.000.000.000;   0.0000000000 ; 0.0000000000 ;0.0000000000 ;4.000.000;0.000000 ;0.000000 ;0
24;238;9.999.990.000.000.000;   0.0000000000 ; 0.0000000000 ;0.0000000000 ;4.000.000;0.000000 ;0.000000 ;0
24;239;9.999.990.000.000.000;   0.0000000000 ; 0.0000000000 ;0.0000000000 ;4.000.000;0.000000 ;0.000000 ;0
24;242;9.999.990.000.000.000;   0.0000000000 ; 0.0000000000 ;0.0000000000 ;4.000.000;0.000000 ;0.000000 ;0
24;243;9.999.990.000.000.000;   0.0000000000 ; 0.0000000000 ;0.0000000000 ;4.000.000;0.000000 ;0.000000 ;0
25;206;9.999.990.000.000.000;   0.0000000000 ; 0.0000000000 ;0.0000000000 ;4.000.000;0.000000 ;0.000000 ;0
25;214;9.999.990.000.000.000;   0.0000000000 ; 0.0000000000 ;0.0000000000 ;4.000.000;0.000000 ;0.000000 ;0
25;218;9.999.990.000.000.000;   0.0000000000 ; 0.0000000000 ;0.0000000000 ;4.000.000;0.000000 ;0.000000 ;0
26;58;9.999.990.000.000.000;   0.0000000000 ; 0.0000000000 ;0.0000000000 ;4.000.000;0.000000 ;0.000000 ;0
26;59;9.999.990.000.000.000;   0.0000000000 ; 0.0000000000 ;0.0000000000 ;4.000.000;0.000000 ;0.000000 ;0
26;60;9.999.990.000.000.000;   0.0000000000 ; 0.0000000000 ;0.0000000000 ;4.000.000;0.000000 ;0.000000 ;0
26;61;9.999.990.000.000.000;   0.0000000000 ; 0.0000000000 ;0.0000000000 ;4.000.000;0.000000 ;0.000000 ;0
27;11;9.999.990.000.000.000;   0.0000000000 ; 0.0000000000 ;0.0000000000 ;4.000.000;0.000000 ;0.000000 ;0
27;28;28.000.000.000.000;250.000.000.000;36.666.670.000;10.000.000.000;4.000.000;0.000000 ;0.000000 ;1
27;188;28.000.000.000.000;240.000.000.000;10.000.000.000;10.000.000.000;4.000.000;0.000000 ;0.000000 ;1
28;32;28.000.000.000.000;540.000.000.000;36.666.670.000;10.000.000.000;4.000.000;0.000000 ;0.000000 ;1
28;109;24.000.000.000.000;3.940.000.000.000;100.000.000.000;10.000.000.000;4.000.000;0.000000 ;0.000000 ;1
29;30;28.000.000.000.000;330.000.000.000;30.000.000.000;10.000.000.000;4.000.000;0.000000 ;0.000000 ;1
29;40;28.000.000.000.000;210.000.000.000; 0.3333330000 ;10.000.000.000;4.000.000;0.000000 ;0.000000 ;1
30;33;28.000.000.000.000;350.000.000.000;70.000.000.000;10.000.000.000;4.000.000;0.000000 ;0.000000 ;1
30;189;28.000.000.000.000;480.000.000.000;113.333.330.000;10.000.000.000;4.000.000;0.000000 ;0.000000 ;1
31;34;28.000.000.000.000;210.000.000.000; 0.6666670000 ;10.000.000.000;4.000.000;0.000000 ;0.000000 ;1
32;33;28.000.000.000.000;240.000.000.000;53.333.330.000;10.000.000.000;4.000.000;0.000000 ;0.000000 ;1
32;40;28.000.000.000.000;610.000.000.000;16.666.670.000;10.000.000.000;4.000.000;0.000000 ;0.000000 ;1
33;27;28.000.000.000.000;550.000.000.000;30.000.000.000;10.000.000.000;4.000.000;0.000000 ;0.000000 ;1
33;189;28.000.000.000.000;280.000.000.000;20.000.000.000;10.000.000.000;4.000.000;0.000000 ;0.000000 ;1
34;31;28.000.000.000.000;210.000.000.000; 0.3333330000 ;10.000.000.000;4.000.000;0.000000 ;0.000000 ;1
34;35;28.000.000.000.000;820.000.000.000;33.333.330.000;10.000.000.000;4.000.000;0.000000 ;0.000000 ;1
34;361;6.000.000.000.000;3.270.000.000.000;110.000.000.000;10.000.000.000;4.000.000;0.000000 ;0.000000 ;1
35;39;28.000.000.000.000;90.000.000.000; 0.3333330000 ;10.000.000.000;4.000.000;0.000000 ;0.000000 ;1
35;163;24.000.000.000.000;280.000.000.000;20.000.000.000;10.000.000.000;4.000.000;0.000000 ;0.000000 ;1
36;31;28.000.000.000.000;820.000.000.000;23.333.330.000;10.000.000.000;4.000.000;0.000000 ;0.000000 ;1
36;35;28.000.000.000.000;200.000.000.000; 0.3333330000 ;10.000.000.000;4.000.000;0.000000 ;0.000000 ;1
36;86;28.000.000.000.000;1.110.000.000.000;36.666.670.000;10.000.000.000;4.000.000;0.000000 ;0.000000 ;1
37;12;9.999.990.000.000.000;   0.0000000000 ; 0.0000000000 ;0.0000000000 ;4.000.000;0.000000 ;0.000000 ;0
37;38;28.000.000.000.000;1.320.000.000.000;36.666.670.000;10.000.000.000;4.000.000;0.000000 ;0.000000 ;1
38;12;9.999.990.000.000.000;   0.0000000000 ; 0.0000000000 ;0.0000000000 ;4.000.000;0.000000 ;0.000000 ;0
38;29;28.000.000.000.000;880.000.000.000;46.666.670.000;10.000.000.000;4.000.000;0.000000 ;0.000000 ;1
39;36;28.000.000.000.000;190.000.000.000;13.333.330.000;10.000.000.000;4.000.000;0.000000 ;0.000000 ;1
40;29;28.000.000.000.000;210.000.000.000; 0.3333330000 ;10.000.000.000;4.000.000;0.000000 ;0.000000 ;1
40;41;28.000.000.000.000;820.000.000.000;23.333.330.000;10.000.000.000;4.000.000;0.000000 ;0.000000 ;1
41;65;28.000.000.000.000;2.090.000.000.000;106.666.670.000;10.000.000.000;4.000.000;0.000000 ;0.000000 ;1
42;44;28.000.000.000.000;3.150.000.000.000;220.000.000.000;10.000.000.000;4.000.000;0.000000 ;0.000000 ;1
43;42;28.000.000.000.000;3.060.000.000.000;66.666.670.000;10.000.000.000;4.000.000;0.000000 ;0.000000 ;1
43;44;24.000.000.000.000;140.000.000.000; 0.6666670000 ;10.000.000.000;4.000.000;0.000000 ;0.000000 ;1
43;361;28.000.000.000.000;3.630.000.000.000;126.666.670.000;10.000.000.000;4.000.000;0.000000 ;0.000000 ;1
44;43;24.000.000.000.000;140.000.000.000; 0.3333330000 ;10.000.000.000;4.000.000;0.000000 ;0.000000 ;1
44;45;28.000.000.000.000;430.000.000.000;13.333.330.000;10.000.000.000;4.000.000;0.000000 ;0.000000 ;1
45;43;28.000.000.000.000;510.000.000.000;63.333.330.000;10.000.000.000;4.000.000;0.000000 ;0.000000 ;1
45;67;28.000.000.000.000;10.360.000.000.000;276.666.670.000;10.000.000.000;4.000.000;0.000000 ;0.000000 ;1
46;19;9.999.990.000.000.000;   0.0000000000 ; 0.0000000000 ;0.0000000000 ;4.000.000;0.000000 ;0.000000 ;0
46;47;28.000.000.000.000;450.000.000.000;13.333.330.000;10.000.000.000;4.000.000;0.000000 ;0.000000 ;1
47;52;28.000.000.000.000;220.000.000.000; 0.6666670000 ;10.000.000.000;4.000.000;0.000000 ;0.000000 ;1
47;141;24.000.000.000.000;740.000.000.000;20.000.000.000;10.000.000.000;4.000.000;0.000000 ;0.000000 ;1
48;49;28.000.000.000.000;1.060.000.000.000;30.000.000.000;10.000.000.000;4.000.000;0.000000 ;0.000000 ;1
49;19;9.999.990.000.000.000;   0.0000000000 ; 0.0000000000 ;0.0000000000 ;4.000.000;0.000000 ;0.000000 ;0
49;46;28.000.000.000.000;140.000.000.000; 0.3333330000 ;10.000.000.000;4.000.000;0.000000 ;0.000000 ;1
49;334;28.000.000.000.000;2.550.000.000.000;60.000.000.000;10.000.000.000;4.000.000;0.000000 ;0.000000 ;1
50;51;28.000.000.000.000;850.000.000.000;33.333.330.000;10.000.000.000;4.000.000;0.000000 ;0.000000 ;1
51;48;28.000.000.000.000;180.000.000.000; 0.6666670000 ;10.000.000.000;4.000.000;0.000000 ;0.000000 ;1
51;138;24.000.000.000.000;2.010.000.000.000;46.666.670.000;10.000.000.000;4.000.000;0.000000 ;0.000000 ;1
52;53;28.000.000.000.000;1.120.000.000.000;36.666.670.000;10.000.000.000;4.000.000;0.000000 ;0.000000 ;1
53;54;28.000.000.000.000;240.000.000.000; 0.6666670000 ;10.000.000.000;4.000.000;0.000000 ;0.000000 ;1
53;263;24.000.000.000.000;2.520.000.000.000;60.000.000.000;10.000.000.000;4.000.000;0.000000 ;0.000000 ;1
54;57;28.000.000.000.000;340.000.000.000;16.666.670.000;10.000.000.000;4.000.000;0.000000 ;0.000000 ;1
55;50;28.000.000.000.000;7.470.000.000.000;313.333.330.000;10.000.000.000;4.000.000;0.000000 ;0.000000 ;1
55;56;6.000.000.000.000;170.000.000.000; 0.3333330000 ;10.000.000.000;4.000.000;0.000000 ;0.000000 ;1
56;55;6.000.000.000.000;170.000.000.000; 0.3333330000 ;10.000.000.000;4.000.000;0.000000 ;0.000000 ;1
56;264;6.000.000.000.000;4.160.000.000.000;133.333.330.000;10.000.000.000;4.000.000;0.000000 ;0.000000 ;1
57;50;28.000.000.000.000;230.000.000.000;20.000.000.000;10.000.000.000;4.000.000;0.000000 ;0.000000 ;1
57;56;28.000.000.000.000;7.480.000.000.000;203.333.330.000;10.000.000.000;4.000.000;0.000000 ;0.000000 ;1
58;26;9.999.990.000.000.000;   0.0000000000 ; 0.0000000000 ;0.0000000000 ;4.000.000;0.000000 ;0.000000 ;0
58;59;28.000.000.000.000;80.000.000.000; 0.3333330000 ;10.000.000.000;4.000.000;0.000000 ;0.000000 ;1
59;26;9.999.990.000.000.000;   0.0000000000 ; 0.0000000000 ;0.0000000000 ;4.000.000;0.000000 ;0.000000 ;0
59;171;24.000.000.000.000;420.000.000.000;10.000.000.000;10.000.000.000;4.000.000;0.000000 ;0.000000 ;1
60;26;9.999.990.000.000.000;   0.0000000000 ; 0.0000000000 ;0.0000000000 ;4.000.000;0.000000 ;0.000000 ;0
60;61;28.000.000.000.000;80.000.000.000; 0.6666670000 ;10.000.000.000;4.000.000;0.000000 ;0.000000 ;1
61;26;9.999.990.000.000.000;   0.0000000000 ; 0.0000000000 ;0.0000000000 ;4.000.000;0.000000 ;0.000000 ;0
61;66;28.000.000.000.000;300.000.000.000;60.000.000.000;10.000.000.000;4.000.000;0.000000 ;0.000000 ;1
62;60;28.000.000.000.000;230.000.000.000;10.000.000.000;10.000.000.000;4.000.000;0.000000 ;0.000000 ;1
62;171;24.000.000.000.000;430.000.000.000;16.666.670.000;10.000.000.000;4.000.000;0.000000 ;0.000000 ;1
63;65;28.000.000.000.000;4.180.000.000.000;193.333.330.000;10.000.000.000;4.000.000;0.000000 ;0.000000 ;1
63;94;9.000.000.000.000;5.420.000.000.000;346.666.670.000;10.000.000.000;4.000.000;0.000000 ;0.000000 ;1
64;12;9.999.990.000.000.000;   0.0000000000 ; 0.0000000000 ;0.0000000000 ;4.000.000;0.000000 ;0.000000 ;0
64;65;9.000.000.000.000;1.600.000.000.000;40.000.000.000;10.000.000.000;4.000.000;0.000000 ;0.000000 ;1
65;12;9.999.990.000.000.000;   0.0000000000 ; 0.0000000000 ;0.0000000000 ;4.000.000;0.000000 ;0.000000 ;0
65;37;28.000.000.000.000;730.000.000.000;23.333.330.000;10.000.000.000;4.000.000;0.000000 ;0.000000 ;1
65;63;28.000.000.000.000;4.180.000.000.000;223.333.330.000;10.000.000.000;4.000.000;0.000000 ;0.000000 ;1
65;190;9.000.000.000.000;6.580.000.000.000;310.000.000.000;10.000.000.000;4.000.000;0.000000 ;0.000000 ;1
65;248;9.000.000.000.000;2.860.000.000.000;133.333.330.000;10.000.000.000;4.000.000;0.000000 ;0.000000 ;1
66;45;28.000.000.000.000;10.590.000.000.000;306.666.670.000;10.000.000.000;4.000.000;0.000000 ;0.000000 ;1
67;58;28.000.000.000.000;450.000.000.000;20.000.000.000;10.000.000.000;4.000.000;0.000000 ;0.000000 ;1
68;6;9.999.990.000.000.000;   0.0000000000 ; 0.0000000000 ;0.0000000000 ;4.000.000;0.000000 ;0.000000 ;0
68;151;24.000.000.000.000;1.590.000.000.000;53.333.330.000;10.000.000.000;4.000.000;0.000000 ;0.000000 ;1
69;6;9.999.990.000.000.000;   0.0000000000 ; 0.0000000000 ;0.0000000000 ;4.000.000;0.000000 ;0.000000 ;0
69;68;24.000.000.000.000;1.080.000.000.000;30.000.000.000;10.000.000.000;4.000.000;0.000000 ;0.000000 ;1
70;6;9.999.990.000.000.000;   0.0000000000 ; 0.0000000000 ;0.0000000000 ;4.000.000;0.000000 ;0.000000 ;0
70;71;24.000.000.000.000;1.020.000.000.000;40.000.000.000;10.000.000.000;4.000.000;0.000000 ;0.000000 ;1
71;6;9.999.990.000.000.000;   0.0000000000 ; 0.0000000000 ;0.0000000000 ;4.000.000;0.000000 ;0.000000 ;0
71;69;24.000.000.000.000;1.960.000.000.000;73.333.330.000;10.000.000.000;4.000.000;0.000000 ;0.000000 ;1
71;196;24.000.000.000.000;4.500.000.000.000;203.333.330.000;10.000.000.000;4.000.000;0.000000 ;0.000000 ;1
71;288;6.000.000.000.000;2.820.000.000.000;80.000.000.000;10.000.000.000;4.000.000;0.000000 ;0.000000 ;1
72;73;28.000.000.000.000;600.000.000.000;20.000.000.000;10.000.000.000;4.000.000;0.000000 ;0.000000 ;1
72;74;28.000.000.000.000;220.000.000.000; 0.3333330000 ;10.000.000.000;4.000.000;0.000000 ;0.000000 ;1
73;74;28.000.000.000.000;680.000.000.000;16.666.670.000;10.000.000.000;4.000.000;0.000000 ;0.000000 ;1
73;78;28.000.000.000.000;430.000.000.000;13.333.330.000;10.000.000.000;4.000.000;0.000000 ;0.000000 ;1
73;232;6.000.000.000.000;2.340.000.000.000;90.000.000.000;10.000.000.000;4.000.000;0.000000 ;0.000000 ;1
74;72;28.000.000.000.000;220.000.000.000; 0.3333330000 ;10.000.000.000;4.000.000;0.000000 ;0.000000 ;1
74;80;28.000.000.000.000;650.000.000.000;26.666.670.000;10.000.000.000;4.000.000;0.000000 ;0.000000 ;1
75;76;24.000.000.000.000;1.690.000.000.000;43.333.330.000;10.000.000.000;4.000.000;0.000000 ;0.000000 ;1
75;115;24.000.000.000.000;180.000.000.000; 0.3333330000 ;10.000.000.000;4.000.000;0.000000 ;0.000000 ;1
76;75;24.000.000.000.000;1.690.000.000.000;76.666.670.000;10.000.000.000;4.000.000;0.000000 ;0.000000 ;1
76;77;28.000.000.000.000;1.600.000.000.000;33.333.330.000;10.000.000.000;4.000.000;0.000000 ;0.000000 ;1
76;341;28.000.000.000.000;5.220.000.000.000;156.666.670.000;10.000.000.000;4.000.000;0.000000 ;0.000000 ;1
79;72;28.000.000.000.000;620.000.000.000;23.333.330.000;10.000.000.000;4.000.000;0.000000 ;0.000000 ;1
79;80;6.000.000.000.000;230.000.000.000;30.000.000.000;10.000.000.000;4.000.000;0.000000 ;0.000000 ;1
80;75;6.000.000.000.000;3.210.000.000.000;180.000.000.000;10.000.000.000;4.000.000;0.000000 ;0.000000 ;1
80;187;28.000.000.000.000;170.000.000.000; 0.6666670000 ;10.000.000.000;4.000.000;0.000000 ;0.000000 ;1
81;82;9.000.000.000.000;740.000.000.000;20.000.000.000;10.000.000.000;4.000.000;0.000000 ;0.000000 ;1
81;92;9.000.000.000.000;210.000.000.000; 0.6666670000 ;10.000.000.000;4.000.000;0.000000 ;0.000000 ;1
82;85;9.000.000.000.000;490.000.000.000;90.000.000.000;10.000.000.000;4.000.000;0.000000 ;0.000000 ;1
82;96;9.000.000.000.000;230.000.000.000; 0.6666670000 ;10.000.000.000;4.000.000;0.000000 ;0.000000 ;1
83;9;9.999.990.000.000.000;   0.0000000000 ; 0.0000000000 ;0.0000000000 ;4.000.000;0.000000 ;0.000000 ;0
83;84;24.000.000.000.000;400.000.000.000;16.666.670.000;10.000.000.000;4.000.000;0.000000 ;0.000000 ;1
84;9;9.999.990.000.000.000;   0.0000000000 ; 0.0000000000 ;0.0000000000 ;4.000.000;0.000000 ;0.000000 ;0
84;95;9.000.000.000.000;380.000.000.000;23.333.330.000;10.000.000.000;4.000.000;0.000000 ;0.000000 ;1
84;97;24.000.000.000.000;140.000.000.000; 0.3333330000 ;10.000.000.000;4.000.000;0.000000 ;0.000000 ;1
85;103;24.000.000.000.000;620.000.000.000;16.666.670.000;10.000.000.000;4.000.000;0.000000 ;0.000000 ;1
85;125;9.000.000.000.000;310.000.000.000;30.000.000.000;10.000.000.000;4.000.000;0.000000 ;0.000000 ;1
86;7;9.999.990.000.000.000;   0.0000000000 ; 0.0000000000 ;0.0000000000 ;4.000.000;0.000000 ;0.000000 ;0
86;36;28.000.000.000.000;1.110.000.000.000;63.333.330.000;10.000.000.000;4.000.000;0.000000 ;0.000000 ;1
86;87;28.000.000.000.000;1.000.000.000.000;30.000.000.000;10.000.000.000;4.000.000;0.000000 ;0.000000 ;1
86;233;6.000.000.000.000;320.000.000.000; 0.6666670000 ;10.000.000.000;4.000.000;0.000000 ;0.000000 ;1
87;7;9.999.990.000.000.000;   0.0000000000 ; 0.0000000000 ;0.0000000000 ;4.000.000;0.000000 ;0.000000 ;0
87;86;28.000.000.000.000;1.000.000.000.000;46.666.670.000;10.000.000.000;4.000.000;0.000000 ;0.000000 ;1
87;89;28.000.000.000.000;1.660.000.000.000;53.333.330.000;10.000.000.000;4.000.000;0.000000 ;0.000000 ;1
88;7;9.999.990.000.000.000;   0.0000000000 ; 0.0000000000 ;0.0000000000 ;4.000.000;0.000000 ;0.000000 ;0
88;86;6.000.000.000.000;1.840.000.000.000;60.000.000.000;10.000.000.000;4.000.000;0.000000 ;0.000000 ;1
88;89;6.000.000.000.000;1.190.000.000.000;60.000.000.000;10.000.000.000;4.000.000;0.000000 ;0.000000 ;1
89;7;9.999.990.000.000.000;   0.0000000000 ; 0.0000000000 ;0.0000000000 ;4.000.000;0.000000 ;0.000000 ;0
89;87;28.000.000.000.000;1.660.000.000.000;60.000.000.000;10.000.000.000;4.000.000;0.000000 ;0.000000 ;1
89;88;6.000.000.000.000;1.190.000.000.000;36.666.670.000;10.000.000.000;4.000.000;0.000000 ;0.000000 ;1
89;93;28.000.000.000.000;1.900.000.000.000;93.333.330.000;10.000.000.000;4.000.000;0.000000 ;0.000000 ;1
90;81;9.000.000.000.000;890.000.000.000;26.666.670.000;10.000.000.000;4.000.000;0.000000 ;0.000000 ;1
90;83;24.000.000.000.000;1.330.000.000.000;36.666.670.000;10.000.000.000;4.000.000;0.000000 ;0.000000 ;1
90;91;24.000.000.000.000;200.000.000.000; 0.6666670000 ;10.000.000.000;4.000.000;0.000000 ;0.000000 ;1
91;90;28.000.000.000.000;200.000.000.000; 0.6666670000 ;10.000.000.000;4.000.000;0.000000 ;0.000000 ;1
91;249;9.000.000.000.000;5.110.000.000.000;233.333.330.000;10.000.000.000;4.000.000;0.000000 ;0.000000 ;1
92;81;9.000.000.000.000;210.000.000.000; 0.6666670000 ;10.000.000.000;4.000.000;0.000000 ;0.000000 ;1
92;91;9.000.000.000.000;1.000.000.000.000;46.666.670.000;10.000.000.000;4.000.000;0.000000 ;0.000000 ;1
93;89;28.000.000.000.000;1.900.000.000.000;83.333.330.000;10.000.000.000;4.000.000;0.000000 ;0.000000 ;1
93;101;6.000.000.000.000;2.440.000.000.000;86.666.670.000;10.000.000.000;4.000.000;0.000000 ;0.000000 ;1
93;330;28.000.000.000.000;2.170.000.000.000;113.333.330.000;10.000.000.000;4.000.000;0.000000 ;0.000000 ;1
94;90;9.000.000.000.000;1.750.000.000.000;90.000.000.000;10.000.000.000;4.000.000;0.000000 ;0.000000 ;1
95;9;9.999.990.000.000.000;   0.0000000000 ; 0.0000000000 ;0.0000000000 ;4.000.000;0.000000 ;0.000000 ;0
95;99;9.000.000.000.000;1.440.000.000.000;103.333.330.000;10.000.000.000;4.000.000;0.000000 ;0.000000 ;1
96;82;9.000.000.000.000;230.000.000.000; 0.6666670000 ;10.000.000.000;4.000.000;0.000000 ;0.000000 ;1
96;92;9.000.000.000.000;740.000.000.000;20.000.000.000;10.000.000.000;4.000.000;0.000000 ;0.000000 ;1
97;9;9.999.990.000.000.000;   0.0000000000 ; 0.0000000000 ;0.0000000000 ;4.000.000;0.000000 ;0.000000 ;0
97;98;28.000.000.000.000;930.000.000.000;70.000.000.000;10.000.000.000;4.000.000;0.000000 ;0.000000 ;1
98;120;28.000.000.000.000;880.000.000.000;26.666.670.000;10.000.000.000;4.000.000;0.000000 ;0.000000 ;1
99;8;9.999.990.000.000.000;   0.0000000000 ; 0.0000000000 ;0.0000000000 ;4.000.000;0.000000 ;0.000000 ;0
99;97;9.000.000.000.000;1.770.000.000.000;43.333.330.000;10.000.000.000;4.000.000;0.000000 ;0.000000 ;1
99;247;9.000.000.000.000;4.170.000.000.000;150.000.000.000;10.000.000.000;4.000.000;0.000000 ;0.000000 ;1
100;93;6.000.000.000.000;1.070.000.000.000;136.666.670.000;10.000.000.000;4.000.000;0.000000 ;0.000000 ;1
101;147;6.000.000.000.000;8.410.000.000.000;276.666.670.000;10.000.000.000;4.000.000;0.000000 ;0.000000 ;1
102;85;28.000.000.000.000;230.000.000.000;10.000.000.000;10.000.000.000;4.000.000;0.000000 ;0.000000 ;1
102;96;9.000.000.000.000;530.000.000.000;13.333.330.000;10.000.000.000;4.000.000;0.000000 ;0.000000 ;1
103;124;24.000.000.000.000;290.000.000.000; 0.6666670000 ;10.000.000.000;4.000.000;0.000000 ;0.000000 ;1
103;137;24.000.000.000.000;460.000.000.000;20.000.000.000;10.000.000.000;4.000.000;0.000000 ;0.000000 ;1
104;93;6.000.000.000.000;2.910.000.000.000;190.000.000.000;10.000.000.000;4.000.000;0.000000 ;0.000000 ;1
105;89;6.000.000.000.000;2.950.000.000.000;73.333.330.000;10.000.000.000;4.000.000;0.000000 ;0.000000 ;1
106;98;28.000.000.000.000;250.000.000.000; 0.6666670000 ;10.000.000.000;4.000.000;0.000000 ;0.000000 ;1
106;107;28.000.000.000.000;1.040.000.000.000;30.000.000.000;10.000.000.000;4.000.000;0.000000 ;0.000000 ;1
107;84;9.000.000.000.000;170.000.000.000; 0.3333330000 ;10.000.000.000;4.000.000;0.000000 ;0.000000 ;1
107;90;24.000.000.000.000;1.620.000.000.000;56.666.670.000;10.000.000.000;4.000.000;0.000000 ;0.000000 ;1
108;32;24.000.000.000.000;3.870.000.000.000;203.333.330.000;10.000.000.000;4.000.000;0.000000 ;0.000000 ;1
108;109;6.000.000.000.000;500.000.000.000;23.333.330.000;10.000.000.000;4.000.000;0.000000 ;0.000000 ;1
109;108;6.000.000.000.000;500.000.000.000;23.333.330.000;10.000.000.000;4.000.000;0.000000 ;0.000000 ;1
109;111;6.000.000.000.000;4.680.000.000.000;116.666.670.000;10.000.000.000;4.000.000;0.000000 ;0.000000 ;1
109;134;24.000.000.000.000;5.140.000.000.000;123.333.330.000;10.000.000.000;4.000.000;0.000000 ;0.000000 ;1
110;187;6.000.000.000.000;1.340.000.000.000;93.333.330.000;10.000.000.000;4.000.000;0.000000 ;0.000000 ;1
111;112;24.000.000.000.000;1.140.000.000.000;36.666.670.000;10.000.000.000;4.000.000;0.000000 ;0.000000 ;1
111;131;24.000.000.000.000;8.770.000.000.000;343.333.330.000;10.000.000.000;4.000.000;0.000000 ;0.000000 ;1
112;115;24.000.000.000.000;1.760.000.000.000;180.000.000.000;10.000.000.000;4.000.000;0.000000 ;0.000000 ;1
113;109;6.000.000.000.000;2.670.000.000.000;66.666.670.000;10.000.000.000;4.000.000;0.000000 ;0.000000 ;1
114;111;24.000.000.000.000;2.800.000.000.000;96.666.670.000;10.000.000.000;4.000.000;0.000000 ;0.000000 ;1
115;75;24.000.000.000.000;180.000.000.000; 0.3333330000 ;10.000.000.000;4.000.000;0.000000 ;0.000000 ;1
115;110;6.000.000.000.000;1.900.000.000.000;66.666.670.000;10.000.000.000;4.000.000;0.000000 ;0.000000 ;1
115;111;24.000.000.000.000;2.900.000.000.000;96.666.670.000;10.000.000.000;4.000.000;0.000000 ;0.000000 ;1
116;117;24.000.000.000.000;790.000.000.000;20.000.000.000;10.000.000.000;4.000.000;0.000000 ;0.000000 ;1
117;8;9.999.990.000.000.000;   0.0000000000 ; 0.0000000000 ;0.0000000000 ;4.000.000;0.000000 ;0.000000 ;0
117;99;28.000.000.000.000;270.000.000.000;16.666.670.000;10.000.000.000;4.000.000;0.000000 ;0.000000 ;1
117;118;24.000.000.000.000;4.930.000.000.000;140.000.000.000;10.000.000.000;4.000.000;0.000000 ;0.000000 ;1
118;108;24.000.000.000.000;1.330.000.000.000;56.666.670.000;10.000.000.000;4.000.000;0.000000 ;0.000000 ;1
119;116;28.000.000.000.000;180.000.000.000;10.000.000.000;10.000.000.000;4.000.000;0.000000 ;0.000000 ;1
119;123;24.000.000.000.000;470.000.000.000;26.666.670.000;10.000.000.000;4.000.000;0.000000 ;0.000000 ;1
120;116;28.000.000.000.000;320.000.000.000;10.000.000.000;10.000.000.000;4.000.000;0.000000 ;0.000000 ;1
120;119;28.000.000.000.000;240.000.000.000;13.333.330.000;10.000.000.000;4.000.000;0.000000 ;0.000000 ;1
121;8;9.999.990.000.000.000;   0.0000000000 ; 0.0000000000 ;0.0000000000 ;4.000.000;0.000000 ;0.000000 ;0
121;128;24.000.000.000.000;2.170.000.000.000;100.000.000.000;10.000.000.000;4.000.000;0.000000 ;0.000000 ;1
122;360;24.000.000.000.000;530.000.000.000;23.333.330.000;10.000.000.000;4.000.000;0.000000 ;0.000000 ;1
123;130;24.000.000.000.000;540.000.000.000;13.333.330.000;10.000.000.000;4.000.000;0.000000 ;0.000000 ;1
124;103;24.000.000.000.000;290.000.000.000; 0.6666670000 ;10.000.000.000;4.000.000;0.000000 ;0.000000 ;1
124;125;24.000.000.000.000;650.000.000.000;33.333.330.000;10.000.000.000;4.000.000;0.000000 ;0.000000 ;1
125;126;24.000.000.000.000;240.000.000.000; 0.6666670000 ;10.000.000.000;4.000.000;0.000000 ;0.000000 ;1
125;177;9.000.000.000.000;600.000.000.000;16.666.670.000;10.000.000.000;4.000.000;0.000000 ;0.000000 ;1
126;102;9.000.000.000.000;330.000.000.000;13.333.330.000;10.000.000.000;4.000.000;0.000000 ;0.000000 ;1
127;129;24.000.000.000.000;200.000.000.000; 0.6666670000 ;10.000.000.000;4.000.000;0.000000 ;0.000000 ;1
127;293;24.000.000.000.000;3.260.000.000.000;100.000.000.000;10.000.000.000;4.000.000;0.000000 ;0.000000 ;1
128;114;24.000.000.000.000;5.930.000.000.000;170.000.000.000;10.000.000.000;4.000.000;0.000000 ;0.000000 ;1
128;131;24.000.000.000.000;210.000.000.000; 0.6666670000 ;10.000.000.000;4.000.000;0.000000 ;0.000000 ;1
129;122;24.000.000.000.000;3.640.000.000.000;106.666.670.000;10.000.000.000;4.000.000;0.000000 ;0.000000 ;1
129;128;24.000.000.000.000;220.000.000.000;20.000.000.000;10.000.000.000;4.000.000;0.000000 ;0.000000 ;1
130;121;24.000.000.000.000;1.290.000.000.000;30.000.000.000;10.000.000.000;4.000.000;0.000000 ;0.000000 ;1
130;122;28.000.000.000.000;360.000.000.000;20.000.000.000;10.000.000.000;4.000.000;0.000000 ;0.000000 ;1
131;48;24.000.000.000.000;4.610.000.000.000;210.000.000.000;10.000.000.000;4.000.000;0.000000 ;0.000000 ;1
131;127;24.000.000.000.000;220.000.000.000;13.333.330.000;10.000.000.000;4.000.000;0.000000 ;0.000000 ;1
132;133;28.000.000.000.000;1.090.000.000.000;46.666.670.000;10.000.000.000;4.000.000;0.000000 ;0.000000 ;1
133;106;24.000.000.000.000;380.000.000.000;26.666.670.000;10.000.000.000;4.000.000;0.000000 ;0.000000 ;1
133;135;24.000.000.000.000;260.000.000.000;10.000.000.000;10.000.000.000;4.000.000;0.000000 ;0.000000 ;1
134;8;9.999.990.000.000.000;   0.0000000000 ; 0.0000000000 ;0.0000000000 ;4.000.000;0.000000 ;0.000000 ;0
134;130;24.000.000.000.000;2.200.000.000.000;143.333.330.000;10.000.000.000;4.000.000;0.000000 ;0.000000 ;1
135;136;28.000.000.000.000;330.000.000.000;16.666.670.000;10.000.000.000;4.000.000;0.000000 ;0.000000 ;1
136;124;24.000.000.000.000;460.000.000.000;16.666.670.000;10.000.000.000;4.000.000;0.000000 ;0.000000 ;1
136;137;24.000.000.000.000;320.000.000.000; 0.6666670000 ;10.000.000.000;4.000.000;0.000000 ;0.000000 ;1
137;106;28.000.000.000.000;480.000.000.000;16.666.670.000;10.000.000.000;4.000.000;0.000000 ;0.000000 ;1
137;136;24.000.000.000.000;320.000.000.000; 0.6666670000 ;10.000.000.000;4.000.000;0.000000 ;0.000000 ;1
138;127;24.000.000.000.000;2.580.000.000.000;90.000.000.000;10.000.000.000;4.000.000;0.000000 ;0.000000 ;1
139;140;24.000.000.000.000;220.000.000.000;23.333.330.000;10.000.000.000;4.000.000;0.000000 ;0.000000 ;1
139;144;24.000.000.000.000;390.000.000.000;13.333.330.000;10.000.000.000;4.000.000;0.000000 ;0.000000 ;1
140;17;9.999.990.000.000.000;   0.0000000000 ; 0.0000000000 ;0.0000000000 ;4.000.000;0.000000 ;0.000000 ;0
140;142;24.000.000.000.000;150.000.000.000;10.000.000.000;10.000.000.000;4.000.000;0.000000 ;0.000000 ;1
140;149;24.000.000.000.000;400.000.000.000;13.333.330.000;10.000.000.000;4.000.000;0.000000 ;0.000000 ;1
141;150;24.000.000.000.000;1.990.000.000.000;50.000.000.000;10.000.000.000;4.000.000;0.000000 ;0.000000 ;1
141;152;24.000.000.000.000;220.000.000.000; 0.3333330000 ;10.000.000.000;4.000.000;0.000000 ;0.000000 ;1
142;17;9.999.990.000.000.000;   0.0000000000 ; 0.0000000000 ;0.0000000000 ;4.000.000;0.000000 ;0.000000 ;0
142;143;24.000.000.000.000;220.000.000.000; 0.3333330000 ;10.000.000.000;4.000.000;0.000000 ;0.000000 ;1
142;145;28.000.000.000.000;1.660.000.000.000;63.333.330.000;10.000.000.000;4.000.000;0.000000 ;0.000000 ;1
143;139;24.000.000.000.000;200.000.000.000;13.333.330.000;10.000.000.000;4.000.000;0.000000 ;0.000000 ;1
143;258;9.000.000.000.000;180.000.000.000;16.666.670.000;10.000.000.000;4.000.000;0.000000 ;0.000000 ;1
144;70;24.000.000.000.000;3.630.000.000.000;146.666.670.000;10.000.000.000;4.000.000;0.000000 ;0.000000 ;1
144;151;24.000.000.000.000;210.000.000.000; 0.3333330000 ;10.000.000.000;4.000.000;0.000000 ;0.000000 ;1
145;18;9.999.990.000.000.000;   0.0000000000 ; 0.0000000000 ;0.0000000000 ;4.000.000;0.000000 ;0.000000 ;0
145;146;24.000.000.000.000;240.000.000.000;20.000.000.000;10.000.000.000;4.000.000;0.000000 ;0.000000 ;1
145;153;24.000.000.000.000;4.270.000.000.000;126.666.670.000;10.000.000.000;4.000.000;0.000000 ;0.000000 ;1
146;18;9.999.990.000.000.000;   0.0000000000 ; 0.0000000000 ;0.0000000000 ;4.000.000;0.000000 ;0.000000 ;0
146;143;24.000.000.000.000;1.670.000.000.000;83.333.330.000;10.000.000.000;4.000.000;0.000000 ;0.000000 ;1
146;145;24.000.000.000.000;240.000.000.000; 0.6666670000 ;10.000.000.000;4.000.000;0.000000 ;0.000000 ;1
146;276;24.000.000.000.000;710.000.000.000;26.666.670.000;10.000.000.000;4.000.000;0.000000 ;0.000000 ;1
147;100;6.000.000.000.000;9.780.000.000.000;273.333.330.000;10.000.000.000;4.000.000;0.000000 ;0.000000 ;1
147;148;24.000.000.000.000;710.000.000.000;20.000.000.000;10.000.000.000;4.000.000;0.000000 ;0.000000 ;1
147;160;24.000.000.000.000;4.080.000.000.000;126.666.670.000;10.000.000.000;4.000.000;0.000000 ;0.000000 ;1
148;150;24.000.000.000.000;220.000.000.000; 0.3333330000 ;10.000.000.000;4.000.000;0.000000 ;0.000000 ;1
148;152;24.000.000.000.000;2.000.000.000.000;116.666.670.000;10.000.000.000;4.000.000;0.000000 ;0.000000 ;1
149;17;9.999.990.000.000.000;   0.0000000000 ; 0.0000000000 ;0.0000000000 ;4.000.000;0.000000 ;0.000000 ;0
149;142;24.000.000.000.000;430.000.000.000;43.333.330.000;10.000.000.000;4.000.000;0.000000 ;0.000000 ;1
149;158;24.000.000.000.000;3.970.000.000.000;116.666.670.000;10.000.000.000;4.000.000;0.000000 ;0.000000 ;1
150;147;24.000.000.000.000;780.000.000.000;36.666.670.000;10.000.000.000;4.000.000;0.000000 ;0.000000 ;1
150;148;24.000.000.000.000;220.000.000.000; 0.3333330000 ;10.000.000.000;4.000.000;0.000000 ;0.000000 ;1
151;17;9.999.990.000.000.000;   0.0000000000 ; 0.0000000000 ;0.0000000000 ;4.000.000;0.000000 ;0.000000 ;0
151;140;24.000.000.000.000;400.000.000.000;46.666.670.000;10.000.000.000;4.000.000;0.000000 ;0.000000 ;1
151;144;24.000.000.000.000;210.000.000.000; 0.3333330000 ;10.000.000.000;4.000.000;0.000000 ;0.000000 ;1
152;52;28.000.000.000.000;750.000.000.000;46.666.670.000;10.000.000.000;4.000.000;0.000000 ;0.000000 ;1
152;141;24.000.000.000.000;220.000.000.000; 0.3333330000 ;10.000.000.000;4.000.000;0.000000 ;0.000000 ;1
153;154;24.000.000.000.000;1.270.000.000.000;50.000.000.000;10.000.000.000;4.000.000;0.000000 ;0.000000 ;1
153;162;24.000.000.000.000;190.000.000.000; 0.3333330000 ;10.000.000.000;4.000.000;0.000000 ;0.000000 ;1
154;39;28.000.000.000.000;240.000.000.000; 0.6666670000 ;10.000.000.000;4.000.000;0.000000 ;0.000000 ;1
154;163;24.000.000.000.000;150.000.000.000; 0.3333330000 ;10.000.000.000;4.000.000;0.000000 ;0.000000 ;1
155;3;9.999.990.000.000.000;   0.0000000000 ; 0.0000000000 ;0.0000000000 ;4.000.000;0.000000 ;0.000000 ;0
155;16;9.999.990.000.000.000;   0.0000000000 ; 0.0000000000 ;0.0000000000 ;4.000.000;0.000000 ;0.000000 ;0
155;159;24.000.000.000.000;1.530.000.000.000;53.333.330.000;10.000.000.000;4.000.000;0.000000 ;0.000000 ;1
156;18;9.999.990.000.000.000;   0.0000000000 ; 0.0000000000 ;0.0000000000 ;4.000.000;0.000000 ;0.000000 ;0
156;157;24.000.000.000.000;1.620.000.000.000;50.000.000.000;10.000.000.000;4.000.000;0.000000 ;0.000000 ;1
157;18;9.999.990.000.000.000;   0.0000000000 ; 0.0000000000 ;0.0000000000 ;4.000.000;0.000000 ;0.000000 ;0
157;146;24.000.000.000.000;750.000.000.000;80.000.000.000;10.000.000.000;4.000.000;0.000000 ;0.000000 ;1
157;275;24.000.000.000.000;200.000.000.000; 0.3333330000 ;10.000.000.000;4.000.000;0.000000 ;0.000000 ;1
158;147;24.000.000.000.000;2.720.000.000.000;80.000.000.000;10.000.000.000;4.000.000;0.000000 ;0.000000 ;1
159;200;24.000.000.000.000;2.010.000.000.000;126.666.670.000;10.000.000.000;4.000.000;0.000000 ;0.000000 ;1
160;149;24.000.000.000.000;2.610.000.000.000;86.666.670.000;10.000.000.000;4.000.000;0.000000 ;0.000000 ;1
161;3;9.999.990.000.000.000;   0.0000000000 ; 0.0000000000 ;0.0000000000 ;4.000.000;0.000000 ;0.000000 ;0
161;211;24.000.000.000.000;3.140.000.000.000;96.666.670.000;10.000.000.000;4.000.000;0.000000 ;0.000000 ;1
162;153;24.000.000.000.000;190.000.000.000; 0.3333330000 ;10.000.000.000;4.000.000;0.000000 ;0.000000 ;1
162;156;24.000.000.000.000;1.860.000.000.000;60.000.000.000;10.000.000.000;4.000.000;0.000000 ;0.000000 ;1
163;154;24.000.000.000.000;150.000.000.000; 0.3333330000 ;10.000.000.000;4.000.000;0.000000 ;0.000000 ;1
163;162;24.000.000.000.000;1.260.000.000.000;33.333.330.000;10.000.000.000;4.000.000;0.000000 ;0.000000 ;1
164;165;24.000.000.000.000;2.380.000.000.000;120.000.000.000;10.000.000.000;4.000.000;0.000000 ;0.000000 ;1
164;168;24.000.000.000.000;2.000.000.000.000;50.000.000.000;10.000.000.000;4.000.000;0.000000 ;0.000000 ;1
164;170;6.000.000.000.000;11.310.000.000.000;403.333.330.000;10.000.000.000;4.000.000;0.000000 ;0.000000 ;1
165;164;24.000.000.000.000;2.380.000.000.000;180.000.000.000;10.000.000.000;4.000.000;0.000000 ;0.000000 ;1
165;167;6.000.000.000.000;13.300.000.000.000;530.000.000.000;10.000.000.000;4.000.000;0.000000 ;0.000000 ;1
165;251;24.000.000.000.000;810.000.000.000;23.333.330.000;10.000.000.000;4.000.000;0.000000 ;0.000000 ;1
165;252;9.000.000.000.000;800.000.000.000;26.666.670.000;10.000.000.000;4.000.000;0.000000 ;0.000000 ;1
166;23;9.999.990.000.000.000;   0.0000000000 ; 0.0000000000 ;0.0000000000 ;4.000.000;0.000000 ;0.000000 ;0
166;165;6.000.000.000.000;10.010.000.000.000;443.333.330.000;10.000.000.000;4.000.000;0.000000 ;0.000000 ;1
167;166;6.000.000.000.000;3.290.000.000.000;113.333.330.000;10.000.000.000;4.000.000;0.000000 ;0.000000 ;1
167;274;24.000.000.000.000;3.650.000.000.000;106.666.670.000;10.000.000.000;4.000.000;0.000000 ;0.000000 ;1
167;361;9.000.000.000.000;700.000.000.000;33.333.330.000;10.000.000.000;4.000.000;0.000000 ;0.000000 ;1
168;58;24.000.000.000.000;750.000.000.000;130.000.000.000;10.000.000.000;4.000.000;0.000000 ;0.000000 ;1
168;66;24.000.000.000.000;820.000.000.000;46.666.670.000;10.000.000.000;4.000.000;0.000000 ;0.000000 ;1
169;164;6.000.000.000.000;5.580.000.000.000;353.333.330.000;10.000.000.000;4.000.000;0.000000 ;0.000000 ;1
170;1;9.999.990.000.000.000;   0.0000000000 ; 0.0000000000 ;0.0000000000 ;4.000.000;0.000000 ;0.000000 ;0
170;169;6.000.000.000.000;5.730.000.000.000;143.333.330.000;10.000.000.000;4.000.000;0.000000 ;0.000000 ;1
170;329;24.000.000.000.000;630.000.000.000;16.666.670.000;10.000.000.000;4.000.000;0.000000 ;0.000000 ;1
171;164;24.000.000.000.000;2.320.000.000.000;163.333.330.000;10.000.000.000;4.000.000;0.000000 ;0.000000 ;1
172;10;9.999.990.000.000.000;   0.0000000000 ; 0.0000000000 ;0.0000000000 ;4.000.000;0.000000 ;0.000000 ;0
172;183;9.000.000.000.000;230.000.000.000; 0.6666670000 ;10.000.000.000;4.000.000;0.000000 ;0.000000 ;1
173;174;9.000.000.000.000;1.160.000.000.000;56.666.670.000;10.000.000.000;4.000.000;0.000000 ;0.000000 ;1
174;181;9.000.000.000.000;490.000.000.000;20.000.000.000;10.000.000.000;4.000.000;0.000000 ;0.000000 ;1
175;10;9.999.990.000.000.000;   0.0000000000 ; 0.0000000000 ;0.0000000000 ;4.000.000;0.000000 ;0.000000 ;0
175;173;9.000.000.000.000;760.000.000.000;23.333.330.000;10.000.000.000;4.000.000;0.000000 ;0.000000 ;1
175;182;9.000.000.000.000;190.000.000.000;13.333.330.000;10.000.000.000;4.000.000;0.000000 ;0.000000 ;1
176;126;9.000.000.000.000;530.000.000.000;70.000.000.000;10.000.000.000;4.000.000;0.000000 ;0.000000 ;1
176;177;9.000.000.000.000;210.000.000.000; 0.6666670000 ;10.000.000.000;4.000.000;0.000000 ;0.000000 ;1
177;176;9.000.000.000.000;210.000.000.000; 0.6666670000 ;10.000.000.000;4.000.000;0.000000 ;0.000000 ;1
177;179;9.000.000.000.000;680.000.000.000;20.000.000.000;10.000.000.000;4.000.000;0.000000 ;0.000000 ;1
178;182;9.000.000.000.000;1.950.000.000.000;66.666.670.000;10.000.000.000;4.000.000;0.000000 ;0.000000 ;1
179;180;9.000.000.000.000;940.000.000.000;26.666.670.000;10.000.000.000;4.000.000;0.000000 ;0.000000 ;1
180;178;9.000.000.000.000;480.000.000.000;26.666.670.000;10.000.000.000;4.000.000;0.000000 ;0.000000 ;1
180;181;9.000.000.000.000;190.000.000.000; 0.3333330000 ;10.000.000.000;4.000.000;0.000000 ;0.000000 ;1
181;180;9.000.000.000.000;190.000.000.000; 0.3333330000 ;10.000.000.000;4.000.000;0.000000 ;0.000000 ;1
181;185;9.000.000.000.000;930.000.000.000;26.666.670.000;10.000.000.000;4.000.000;0.000000 ;0.000000 ;1
182;172;9.000.000.000.000;390.000.000.000;16.666.670.000;10.000.000.000;4.000.000;0.000000 ;0.000000 ;1
182;175;9.000.000.000.000;190.000.000.000; 0.3333330000 ;10.000.000.000;4.000.000;0.000000 ;0.000000 ;1
183;184;9.000.000.000.000;160.000.000.000; 0.3333330000 ;10.000.000.000;4.000.000;0.000000 ;0.000000 ;1
183;292;9.000.000.000.000;870.000.000.000;83.333.330.000;10.000.000.000;4.000.000;0.000000 ;0.000000 ;1
184;175;9.000.000.000.000;640.000.000.000;23.333.330.000;10.000.000.000;4.000.000;0.000000 ;0.000000 ;1
185;176;9.000.000.000.000;690.000.000.000;53.333.330.000;10.000.000.000;4.000.000;0.000000 ;0.000000 ;1
186;11;9.999.990.000.000.000;   0.0000000000 ; 0.0000000000 ;0.0000000000 ;4.000.000;0.000000 ;0.000000 ;0
186;28;28.000.000.000.000;1.210.000.000.000;100.000.000.000;10.000.000.000;4.000.000;0.000000 ;0.000000 ;1
187;186;28.000.000.000.000;1.200.000.000.000;33.333.330.000;10.000.000.000;4.000.000;0.000000 ;0.000000 ;1
187;191;6.000.000.000.000;230.000.000.000; 0.6666670000 ;10.000.000.000;4.000.000;0.000000 ;0.000000 ;1
188;192;28.000.000.000.000;930.000.000.000;26.666.670.000;10.000.000.000;4.000.000;0.000000 ;0.000000 ;1
189;190;28.000.000.000.000;3.850.000.000.000;100.000.000.000;10.000.000.000;4.000.000;0.000000 ;0.000000 ;1
190;64;9.000.000.000.000;4.980.000.000.000;123.333.330.000;10.000.000.000;4.000.000;0.000000 ;0.000000 ;1
191;11;9.999.990.000.000.000;   0.0000000000 ; 0.0000000000 ;0.0000000000 ;4.000.000;0.000000 ;0.000000 ;0
191;79;28.000.000.000.000;160.000.000.000;10.000.000.000;10.000.000.000;4.000.000;0.000000 ;0.000000 ;1
192;11;9.999.990.000.000.000;   0.0000000000 ; 0.0000000000 ;0.0000000000 ;4.000.000;0.000000 ;0.000000 ;0
192;191;28.000.000.000.000;1.110.000.000.000;43.333.330.000;10.000.000.000;4.000.000;0.000000 ;0.000000 ;1
193;194;9.000.000.000.000;1.150.000.000.000;96.666.670.000;10.000.000.000;4.000.000;0.000000 ;0.000000 ;1
194;197;9.000.000.000.000;180.000.000.000;20.000.000.000;10.000.000.000;4.000.000;0.000000 ;0.000000 ;1
194;200;24.000.000.000.000;970.000.000.000;50.000.000.000;10.000.000.000;4.000.000;0.000000 ;0.000000 ;1
195;3;9.999.990.000.000.000;   0.0000000000 ; 0.0000000000 ;0.0000000000 ;4.000.000;0.000000 ;0.000000 ;0
195;201;9.000.000.000.000;2.250.000.000.000;83.333.330.000;10.000.000.000;4.000.000;0.000000 ;0.000000 ;1
196;71;24.000.000.000.000;4.500.000.000.000;160.000.000.000;10.000.000.000;4.000.000;0.000000 ;0.000000 ;1
196;197;24.000.000.000.000;980.000.000.000;46.666.670.000;10.000.000.000;4.000.000;0.000000 ;0.000000 ;1
196;200;24.000.000.000.000;200.000.000.000;30.000.000.000;10.000.000.000;4.000.000;0.000000 ;0.000000 ;1
197;198;24.000.000.000.000;180.000.000.000; 0.3333330000 ;10.000.000.000;4.000.000;0.000000 ;0.000000 ;1
197;356;9.000.000.000.000;3.090.000.000.000;90.000.000.000;10.000.000.000;4.000.000;0.000000 ;0.000000 ;1
198;199;9.000.000.000.000;160.000.000.000;10.000.000.000;10.000.000.000;4.000.000;0.000000 ;0.000000 ;1
198;302;24.000.000.000.000;180.000.000.000;13.333.330.000;10.000.000.000;4.000.000;0.000000 ;0.000000 ;1
199;194;24.000.000.000.000;170.000.000.000;20.000.000.000;10.000.000.000;4.000.000;0.000000 ;0.000000 ;1
199;228;9.000.000.000.000;2.950.000.000.000;110.000.000.000;10.000.000.000;4.000.000;0.000000 ;0.000000 ;1
200;196;24.000.000.000.000;200.000.000.000;16.666.670.000;10.000.000.000;4.000.000;0.000000 ;0.000000 ;1
200;229;24.000.000.000.000;130.000.000.000; 0.6666670000 ;10.000.000.000;4.000.000;0.000000 ;0.000000 ;1
200;282;24.000.000.000.000;1.450.000.000.000;40.000.000.000;10.000.000.000;4.000.000;0.000000 ;0.000000 ;1
201;193;9.000.000.000.000;1.790.000.000.000;60.000.000.000;10.000.000.000;4.000.000;0.000000 ;0.000000 ;1
201;228;9.000.000.000.000;190.000.000.000; 0.3333330000 ;10.000.000.000;4.000.000;0.000000 ;0.000000 ;1
202;203;28.000.000.000.000;830.000.000.000;93.333.330.000;10.000.000.000;4.000.000;0.000000 ;0.000000 ;1
202;207;24.000.000.000.000;230.000.000.000; 0.6666670000 ;10.000.000.000;4.000.000;0.000000 ;0.000000 ;1
203;210;28.000.000.000.000;170.000.000.000; 0.6666670000 ;10.000.000.000;4.000.000;0.000000 ;0.000000 ;1
203;322;24.000.000.000.000;3.000.000.000.000;106.666.670.000;10.000.000.000;4.000.000;0.000000 ;0.000000 ;1
204;2;9.999.990.000.000.000;   0.0000000000 ; 0.0000000000 ;0.0000000000 ;4.000.000;0.000000 ;0.000000 ;0
204;205;24.000.000.000.000;4.180.000.000.000;160.000.000.000;10.000.000.000;4.000.000;0.000000 ;0.000000 ;1
204;209;9.000.000.000.000;2.640.000.000.000;73.333.330.000;10.000.000.000;4.000.000;0.000000 ;0.000000 ;1
204;219;24.000.000.000.000;1.880.000.000.000;70.000.000.000;10.000.000.000;4.000.000;0.000000 ;0.000000 ;1
204;223;9.000.000.000.000;1.300.000.000.000;76.666.670.000;10.000.000.000;4.000.000;0.000000 ;0.000000 ;1
205;13;9.999.990.000.000.000;   0.0000000000 ; 0.0000000000 ;0.0000000000 ;4.000.000;0.000000 ;0.000000 ;0
205;21;9.999.990.000.000.000;   0.0000000000 ; 0.0000000000 ;0.0000000000 ;4.000.000;0.000000 ;0.000000 ;0
205;204;24.000.000.000.000;4.180.000.000.000;146.666.670.000;10.000.000.000;4.000.000;0.000000 ;0.000000 ;1
205;226;24.000.000.000.000;2.030.000.000.000;76.666.670.000;10.000.000.000;4.000.000;0.000000 ;0.000000 ;1
206;13;9.999.990.000.000.000;   0.0000000000 ; 0.0000000000 ;0.0000000000 ;4.000.000;0.000000 ;0.000000 ;0
206;25;9.999.990.000.000.000;   0.0000000000 ; 0.0000000000 ;0.0000000000 ;4.000.000;0.000000 ;0.000000 ;0
206;218;9.000.000.000.000;4.060.000.000.000;110.000.000.000;10.000.000.000;4.000.000;0.000000 ;0.000000 ;1
207;202;24.000.000.000.000;230.000.000.000;10.000.000.000;10.000.000.000;4.000.000;0.000000 ;0.000000 ;1
207;323;24.000.000.000.000;1.470.000.000.000;46.666.670.000;10.000.000.000;4.000.000;0.000000 ;0.000000 ;1
208;203;28.000.000.000.000;200.000.000.000; 0.6666670000 ;10.000.000.000;4.000.000;0.000000 ;0.000000 ;1
208;207;28.000.000.000.000;1.040.000.000.000;70.000.000.000;10.000.000.000;4.000.000;0.000000 ;0.000000 ;1
209;2;9.999.990.000.000.000;   0.0000000000 ; 0.0000000000 ;0.0000000000 ;4.000.000;0.000000 ;0.000000 ;0
209;20;9.999.990.000.000.000;   0.0000000000 ; 0.0000000000 ;0.0000000000 ;4.000.000;0.000000 ;0.000000 ;0
209;215;9.000.000.000.000;3.680.000.000.000;120.000.000.000;10.000.000.000;4.000.000;0.000000 ;0.000000 ;1
210;208;24.000.000.000.000;150.000.000.000;10.000.000.000;10.000.000.000;4.000.000;0.000000 ;0.000000 ;1
210;223;6.000.000.000.000;3.630.000.000.000;193.333.330.000;10.000.000.000;4.000.000;0.000000 ;0.000000 ;1
210;325;24.000.000.000.000;1.660.000.000.000;76.666.670.000;10.000.000.000;4.000.000;0.000000 ;0.000000 ;1
211;210;28.000.000.000.000;1.480.000.000.000;136.666.670.000;10.000.000.000;4.000.000;0.000000 ;0.000000 ;1
212;20;9.999.990.000.000.000;   0.0000000000 ; 0.0000000000 ;0.0000000000 ;4.000.000;0.000000 ;0.000000 ;0
212;215;6.000.000.000.000;2.450.000.000.000;86.666.670.000;10.000.000.000;4.000.000;0.000000 ;0.000000 ;1
213;215;9.000.000.000.000;4.400.000.000.000;120.000.000.000;10.000.000.000;4.000.000;0.000000 ;0.000000 ;1
213;218;9.000.000.000.000;3.290.000.000.000;90.000.000.000;10.000.000.000;4.000.000;0.000000 ;0.000000 ;1
214;25;9.999.990.000.000.000;   0.0000000000 ; 0.0000000000 ;0.0000000000 ;4.000.000;0.000000 ;0.000000 ;0
214;215;6.000.000.000.000;2.910.000.000.000;110.000.000.000;10.000.000.000;4.000.000;0.000000 ;0.000000 ;1
215;20;9.999.990.000.000.000;   0.0000000000 ; 0.0000000000 ;0.0000000000 ;4.000.000;0.000000 ;0.000000 ;0
215;204;9.000.000.000.000;6.320.000.000.000;220.000.000.000;10.000.000.000;4.000.000;0.000000 ;0.000000 ;1
215;217;9.000.000.000.000;1.660.000.000.000;50.000.000.000;10.000.000.000;4.000.000;0.000000 ;0.000000 ;1
215;218;6.000.000.000.000;3.230.000.000.000;130.000.000.000;10.000.000.000;4.000.000;0.000000 ;0.000000 ;1
215;326;6.000.000.000.000;2.910.000.000.000;143.333.330.000;10.000.000.000;4.000.000;0.000000 ;0.000000 ;1
216;213;9.000.000.000.000;1.650.000.000.000;50.000.000.000;10.000.000.000;4.000.000;0.000000 ;0.000000 ;1
217;220;9.000.000.000.000;1.850.000.000.000;70.000.000.000;10.000.000.000;4.000.000;0.000000 ;0.000000 ;1
218;25;9.999.990.000.000.000;   0.0000000000 ; 0.0000000000 ;0.0000000000 ;4.000.000;0.000000 ;0.000000 ;0
218;214;6.000.000.000.000;320.000.000.000; 0.6666670000 ;10.000.000.000;4.000.000;0.000000 ;0.000000 ;1
218;216;9.000.000.000.000;1.640.000.000.000;53.333.330.000;10.000.000.000;4.000.000;0.000000 ;0.000000 ;1
218;226;9.000.000.000.000;6.630.000.000.000;280.000.000.000;10.000.000.000;4.000.000;0.000000 ;0.000000 ;1
219;2;9.999.990.000.000.000;   0.0000000000 ; 0.0000000000 ;0.0000000000 ;4.000.000;0.000000 ;0.000000 ;0
219;325;24.000.000.000.000;1.530.000.000.000;60.000.000.000;10.000.000.000;4.000.000;0.000000 ;0.000000 ;1
220;213;9.000.000.000.000;890.000.000.000;23.333.330.000;10.000.000.000;4.000.000;0.000000 ;0.000000 ;1
221;2;9.999.990.000.000.000;   0.0000000000 ; 0.0000000000 ;0.0000000000 ;4.000.000;0.000000 ;0.000000 ;0
221;222;9.000.000.000.000;80.000.000.000; 0.6666670000 ;10.000.000.000;4.000.000;0.000000 ;0.000000 ;1
222;204;9.000.000.000.000;1.250.000.000.000;100.000.000.000;10.000.000.000;4.000.000;0.000000 ;0.000000 ;1
222;223;6.000.000.000.000;180.000.000.000;13.333.330.000;10.000.000.000;4.000.000;0.000000 ;0.000000 ;1
223;210;6.000.000.000.000;3.630.000.000.000;150.000.000.000;10.000.000.000;4.000.000;0.000000 ;0.000000 ;1
223;221;6.000.000.000.000;180.000.000.000; 0.3333330000 ;10.000.000.000;4.000.000;0.000000 ;0.000000 ;1
223;224;9.000.000.000.000;500.000.000.000;16.666.670.000;10.000.000.000;4.000.000;0.000000 ;0.000000 ;1
224;195;9.000.000.000.000;2.860.000.000.000;93.333.330.000;10.000.000.000;4.000.000;0.000000 ;0.000000 ;1
224;225;9.000.000.000.000;180.000.000.000; 0.3333330000 ;10.000.000.000;4.000.000;0.000000 ;0.000000 ;1
225;221;9.000.000.000.000;470.000.000.000;50.000.000.000;10.000.000.000;4.000.000;0.000000 ;0.000000 ;1
225;224;9.000.000.000.000;180.000.000.000; 0.3333330000 ;10.000.000.000;4.000.000;0.000000 ;0.000000 ;1
226;13;9.999.990.000.000.000;   0.0000000000 ; 0.0000000000 ;0.0000000000 ;4.000.000;0.000000 ;0.000000 ;0
226;205;24.000.000.000.000;2.030.000.000.000;80.000.000.000;10.000.000.000;4.000.000;0.000000 ;0.000000 ;1
226;206;9.000.000.000.000;2.570.000.000.000;90.000.000.000;10.000.000.000;4.000.000;0.000000 ;0.000000 ;1
226;314;9.000.000.000.000;4.330.000.000.000;130.000.000.000;10.000.000.000;4.000.000;0.000000 ;0.000000 ;1
227;225;9.000.000.000.000;4.400.000.000.000;156.666.670.000;10.000.000.000;4.000.000;0.000000 ;0.000000 ;1
228;201;9.000.000.000.000;190.000.000.000; 0.6666670000 ;10.000.000.000;4.000.000;0.000000 ;0.000000 ;1
228;227;9.000.000.000.000;710.000.000.000;20.000.000.000;10.000.000.000;4.000.000;0.000000 ;0.000000 ;1
229;161;24.000.000.000.000;4.440.000.000.000;160.000.000.000;10.000.000.000;4.000.000;0.000000 ;0.000000 ;1
230;27;28.000.000.000.000;320.000.000.000; 0.6666670000 ;10.000.000.000;4.000.000;0.000000 ;0.000000 ;1
230;188;28.000.000.000.000;400.000.000.000;40.000.000.000;10.000.000.000;4.000.000;0.000000 ;0.000000 ;1
231;230;28.000.000.000.000;1.960.000.000.000;63.333.330.000;10.000.000.000;4.000.000;0.000000 ;0.000000 ;1
232;234;6.000.000.000.000;1.130.000.000.000;46.666.670.000;10.000.000.000;4.000.000;0.000000 ;0.000000 ;1
233;88;6.000.000.000.000;1.520.000.000.000;50.000.000.000;10.000.000.000;4.000.000;0.000000 ;0.000000 ;1
234;235;6.000.000.000.000;100.000.000.000; 0.3333330000 ;10.000.000.000;4.000.000;0.000000 ;0.000000 ;1
235;236;6.000.000.000.000;2.050.000.000.000;50.000.000.000;10.000.000.000;4.000.000;0.000000 ;0.000000 ;1
236;234;6.000.000.000.000;2.150.000.000.000;53.333.330.000;10.000.000.000;4.000.000;0.000000 ;0.000000 ;1
237;231;28.000.000.000.000;1.200.000.000.000;30.000.000.000;10.000.000.000;4.000.000;0.000000 ;0.000000 ;1
238;10;9.999.990.000.000.000;   0.0000000000 ; 0.0000000000 ;0.0000000000 ;4.000.000;0.000000 ;0.000000 ;0
238;24;9.999.990.000.000.000;   0.0000000000 ; 0.0000000000 ;0.0000000000 ;4.000.000;0.000000 ;0.000000 ;0
238;239;24.000.000.000.000;560.000.000.000;20.000.000.000;10.000.000.000;4.000.000;0.000000 ;0.000000 ;1
238;242;24.000.000.000.000;170.000.000.000; 0.3333330000 ;10.000.000.000;4.000.000;0.000000 ;0.000000 ;1
239;24;9.999.990.000.000.000;   0.0000000000 ; 0.0000000000 ;0.0000000000 ;4.000.000;0.000000 ;0.000000 ;0
239;240;24.000.000.000.000;1.030.000.000.000;86.666.670.000;10.000.000.000;4.000.000;0.000000 ;0.000000 ;1
239;243;24.000.000.000.000;160.000.000.000; 0.3333330000 ;10.000.000.000;4.000.000;0.000000 ;0.000000 ;1
240;295;24.000.000.000.000;200.000.000.000;13.333.330.000;10.000.000.000;4.000.000;0.000000 ;0.000000 ;1
240;297;24.000.000.000.000;160.000.000.000;16.666.670.000;10.000.000.000;4.000.000;0.000000 ;0.000000 ;1
241;244;24.000.000.000.000;190.000.000.000; 0.3333330000 ;10.000.000.000;4.000.000;0.000000 ;0.000000 ;1
241;245;24.000.000.000.000;460.000.000.000;23.333.330.000;10.000.000.000;4.000.000;0.000000 ;0.000000 ;1
242;10;9.999.990.000.000.000;   0.0000000000 ; 0.0000000000 ;0.0000000000 ;4.000.000;0.000000 ;0.000000 ;0
242;24;9.999.990.000.000.000;   0.0000000000 ; 0.0000000000 ;0.0000000000 ;4.000.000;0.000000 ;0.000000 ;0
242;238;24.000.000.000.000;170.000.000.000; 0.6666670000 ;10.000.000.000;4.000.000;0.000000 ;0.000000 ;1
242;246;24.000.000.000.000;1.870.000.000.000;63.333.330.000;10.000.000.000;4.000.000;0.000000 ;0.000000 ;1
243;24;9.999.990.000.000.000;   0.0000000000 ; 0.0000000000 ;0.0000000000 ;4.000.000;0.000000 ;0.000000 ;0
243;239;24.000.000.000.000;160.000.000.000; 0.3333330000 ;10.000.000.000;4.000.000;0.000000 ;0.000000 ;1
243;242;24.000.000.000.000;560.000.000.000;16.666.670.000;10.000.000.000;4.000.000;0.000000 ;0.000000 ;1
244;241;24.000.000.000.000;190.000.000.000; 0.3333330000 ;10.000.000.000;4.000.000;0.000000 ;0.000000 ;1
244;291;24.000.000.000.000;1.400.000.000.000;36.666.670.000;10.000.000.000;4.000.000;0.000000 ;0.000000 ;1
245;238;24.000.000.000.000;1.880.000.000.000;56.666.670.000;10.000.000.000;4.000.000;0.000000 ;0.000000 ;1
245;246;24.000.000.000.000;190.000.000.000; 0.3333330000 ;10.000.000.000;4.000.000;0.000000 ;0.000000 ;1
246;244;24.000.000.000.000;460.000.000.000;23.333.330.000;10.000.000.000;4.000.000;0.000000 ;0.000000 ;1
246;245;24.000.000.000.000;190.000.000.000; 0.3333330000 ;10.000.000.000;4.000.000;0.000000 ;0.000000 ;1
247;248;60.000.000.000.000;1.360.000.000.000;60.000.000.000;10.000.000.000;4.000.000;0.000000 ;0.000000 ;1
248;65;9.000.000.000.000;2.860.000.000.000;170.000.000.000;10.000.000.000;4.000.000;0.000000 ;0.000000 ;1
248;108;6.000.000.000.000;1.860.000.000.000;113.333.330.000;10.000.000.000;4.000.000;0.000000 ;0.000000 ;1
248;250;9.000.000.000.000;3.110.000.000.000;120.000.000.000;10.000.000.000;4.000.000;0.000000 ;0.000000 ;1
249;63;9.000.000.000.000;1.940.000.000.000;186.666.670.000;10.000.000.000;4.000.000;0.000000 ;0.000000 ;1
250;99;9.000.000.000.000;2.420.000.000.000;60.000.000.000;10.000.000.000;4.000.000;0.000000 ;0.000000 ;1
251;165;24.000.000.000.000;810.000.000.000;53.333.330.000;10.000.000.000;4.000.000;0.000000 ;0.000000 ;1
251;265;24.000.000.000.000;1.620.000.000.000;56.666.670.000;10.000.000.000;4.000.000;0.000000 ;0.000000 ;1
252;251;9.000.000.000.000;440.000.000.000;50.000.000.000;10.000.000.000;4.000.000;0.000000 ;0.000000 ;1
252;254;9.000.000.000.000;430.000.000.000;10.000.000.000;10.000.000.000;4.000.000;0.000000 ;0.000000 ;1
252;266;9.000.000.000.000;4.530.000.000.000;123.333.330.000;10.000.000.000;4.000.000;0.000000 ;0.000000 ;1
253;252;9.000.000.000.000;180.000.000.000; 0.3333330000 ;10.000.000.000;4.000.000;0.000000 ;0.000000 ;1
255;14;9.999.990.000.000.000;   0.0000000000 ; 0.0000000000 ;0.0000000000 ;4.000.000;0.000000 ;0.000000 ;0
255;256;9.000.000.000.000;160.000.000.000; 0.3333330000 ;10.000.000.000;4.000.000;0.000000 ;0.000000 ;1
255;267;24.000.000.000.000;1.320.000.000.000;43.333.330.000;10.000.000.000;4.000.000;0.000000 ;0.000000 ;1
256;14;9.999.990.000.000.000;   0.0000000000 ; 0.0000000000 ;0.0000000000 ;4.000.000;0.000000 ;0.000000 ;0
256;261;24.000.000.000.000;170.000.000.000; 0.6666670000 ;10.000.000.000;4.000.000;0.000000 ;0.000000 ;1
257;139;9.000.000.000.000;730.000.000.000;33.333.330.000;10.000.000.000;4.000.000;0.000000 ;0.000000 ;1
257;258;9.000.000.000.000;730.000.000.000;20.000.000.000;10.000.000.000;4.000.000;0.000000 ;0.000000 ;1
258;354;9.000.000.000.000;3.350.000.000.000;103.333.330.000;10.000.000.000;4.000.000;0.000000 ;0.000000 ;1
259;14;9.999.990.000.000.000;   0.0000000000 ; 0.0000000000 ;0.0000000000 ;4.000.000;0.000000 ;0.000000 ;0
259;255;24.000.000.000.000;190.000.000.000; 0.6666670000 ;10.000.000.000;4.000.000;0.000000 ;0.000000 ;1
259;268;9.000.000.000.000;1.800.000.000.000;70.000.000.000;10.000.000.000;4.000.000;0.000000 ;0.000000 ;1
260;14;9.999.990.000.000.000;   0.0000000000 ; 0.0000000000 ;0.0000000000 ;4.000.000;0.000000 ;0.000000 ;0
260;255;9.000.000.000.000;1.080.000.000.000;106.666.670.000;10.000.000.000;4.000.000;0.000000 ;0.000000 ;1
261;259;9.000.000.000.000;140.000.000.000;20.000.000.000;10.000.000.000;4.000.000;0.000000 ;0.000000 ;1
261;306;24.000.000.000.000;1.040.000.000.000;30.000.000.000;10.000.000.000;4.000.000;0.000000 ;0.000000 ;1
262;54;28.000.000.000.000;2.560.000.000.000;110.000.000.000;10.000.000.000;4.000.000;0.000000 ;0.000000 ;1
262;263;24.000.000.000.000;200.000.000.000; 0.3333330000 ;10.000.000.000;4.000.000;0.000000 ;0.000000 ;1
263;262;24.000.000.000.000;200.000.000.000; 0.3333330000 ;10.000.000.000;4.000.000;0.000000 ;0.000000 ;1
263;272;24.000.000.000.000;3.250.000.000.000;133.333.330.000;10.000.000.000;4.000.000;0.000000 ;0.000000 ;1
264;5;9.999.990.000.000.000;   0.0000000000 ; 0.0000000000 ;0.0000000000 ;4.000.000;0.000000 ;0.000000 ;0
264;270;6.000.000.000.000;1.380.000.000.000;133.333.330.000;10.000.000.000;4.000.000;0.000000 ;0.000000 ;1
265;267;24.000.000.000.000;2.220.000.000.000;66.666.670.000;10.000.000.000;4.000.000;0.000000 ;0.000000 ;1
266;252;9.000.000.000.000;4.530.000.000.000;270.000.000.000;10.000.000.000;4.000.000;0.000000 ;0.000000 ;1
266;350;9.000.000.000.000;4.970.000.000.000;133.333.330.000;10.000.000.000;4.000.000;0.000000 ;0.000000 ;1
267;251;24.000.000.000.000;3.840.000.000.000;216.666.670.000;10.000.000.000;4.000.000;0.000000 ;0.000000 ;1
267;256;24.000.000.000.000;1.290.000.000.000;73.333.330.000;10.000.000.000;4.000.000;0.000000 ;0.000000 ;1
268;352;9.000.000.000.000;3.380.000.000.000;100.000.000.000;10.000.000.000;4.000.000;0.000000 ;0.000000 ;1
269;1;9.999.990.000.000.000;   0.0000000000 ; 0.0000000000 ;0.0000000000 ;4.000.000;0.000000 ;0.000000 ;0
269;266;9.000.000.000.000;1.760.000.000.000;50.000.000.000;10.000.000.000;4.000.000;0.000000 ;0.000000 ;1
270;5;9.999.990.000.000.000;   0.0000000000 ; 0.0000000000 ;0.0000000000 ;4.000.000;0.000000 ;0.000000 ;0
270;56;6.000.000.000.000;5.540.000.000.000;266.666.670.000;10.000.000.000;4.000.000;0.000000 ;0.000000 ;1
270;272;6.000.000.000.000;130.000.000.000; 0.6666670000 ;10.000.000.000;4.000.000;0.000000 ;0.000000 ;1
270;273;24.000.000.000.000;520.000.000.000;13.333.330.000;10.000.000.000;4.000.000;0.000000 ;0.000000 ;1
271;270;24.000.000.000.000;1.720.000.000.000;50.000.000.000;10.000.000.000;4.000.000;0.000000 ;0.000000 ;1
271;280;24.000.000.000.000;130.000.000.000; 0.6666670000 ;10.000.000.000;4.000.000;0.000000 ;0.000000 ;1
272;5;9.999.990.000.000.000;   0.0000000000 ; 0.0000000000 ;0.0000000000 ;4.000.000;0.000000 ;0.000000 ;0
272;270;6.000.000.000.000;130.000.000.000; 0.3333330000 ;10.000.000.000;4.000.000;0.000000 ;0.000000 ;1
272;280;24.000.000.000.000;1.770.000.000.000;123.333.330.000;10.000.000.000;4.000.000;0.000000 ;0.000000 ;1
272;287;6.000.000.000.000;1.890.000.000.000;73.333.330.000;10.000.000.000;4.000.000;0.000000 ;0.000000 ;1
273;5;9.999.990.000.000.000;   0.0000000000 ; 0.0000000000 ;0.0000000000 ;4.000.000;0.000000 ;0.000000 ;0
273;262;24.000.000.000.000;2.730.000.000.000;66.666.670.000;10.000.000.000;4.000.000;0.000000 ;0.000000 ;1
274;276;24.000.000.000.000;190.000.000.000; 0.6666670000 ;10.000.000.000;4.000.000;0.000000 ;0.000000 ;1
275;157;24.000.000.000.000;200.000.000.000;36.666.670.000;10.000.000.000;4.000.000;0.000000 ;0.000000 ;1
275;276;24.000.000.000.000;270.000.000.000; 0.6666670000 ;10.000.000.000;4.000.000;0.000000 ;0.000000 ;1
276;146;24.000.000.000.000;710.000.000.000;53.333.330.000;10.000.000.000;4.000.000;0.000000 ;0.000000 ;1
276;167;24.000.000.000.000;3.840.000.000.000;356.666.670.000;10.000.000.000;4.000.000;0.000000 ;0.000000 ;1
277;16;9.999.990.000.000.000;   0.0000000000 ; 0.0000000000 ;0.0000000000 ;4.000.000;0.000000 ;0.000000 ;0
277;196;24.000.000.000.000;2.380.000.000.000;103.333.330.000;10.000.000.000;4.000.000;0.000000 ;0.000000 ;1
278;271;24.000.000.000.000;180.000.000.000; 0.6666670000 ;10.000.000.000;4.000.000;0.000000 ;0.000000 ;1
278;344;24.000.000.000.000;1.470.000.000.000;40.000.000.000;10.000.000.000;4.000.000;0.000000 ;0.000000 ;1
279;278;24.000.000.000.000;490.000.000.000;36.666.670.000;10.000.000.000;4.000.000;0.000000 ;0.000000 ;1
279;318;24.000.000.000.000;1.250.000.000.000;33.333.330.000;10.000.000.000;4.000.000;0.000000 ;0.000000 ;1
280;281;24.000.000.000.000;110.000.000.000; 0.3333330000 ;10.000.000.000;4.000.000;0.000000 ;0.000000 ;1
280;283;24.000.000.000.000;790.000.000.000;20.000.000.000;10.000.000.000;4.000.000;0.000000 ;0.000000 ;1
281;278;24.000.000.000.000;140.000.000.000; 0.3333330000 ;10.000.000.000;4.000.000;0.000000 ;0.000000 ;1
281;279;24.000.000.000.000;510.000.000.000;13.333.330.000;10.000.000.000;4.000.000;0.000000 ;0.000000 ;1
282;16;9.999.990.000.000.000;   0.0000000000 ; 0.0000000000 ;0.0000000000 ;4.000.000;0.000000 ;0.000000 ;0
282;289;24.000.000.000.000;3.890.000.000.000;96.666.670.000;10.000.000.000;4.000.000;0.000000 ;0.000000 ;1
283;285;24.000.000.000.000;1.430.000.000.000;46.666.670.000;10.000.000.000;4.000.000;0.000000 ;0.000000 ;1
284;281;24.000.000.000.000;760.000.000.000;56.666.670.000;10.000.000.000;4.000.000;0.000000 ;0.000000 ;1
284;283;24.000.000.000.000;130.000.000.000; 0.3333330000 ;10.000.000.000;4.000.000;0.000000 ;0.000000 ;1
285;16;9.999.990.000.000.000;   0.0000000000 ; 0.0000000000 ;0.0000000000 ;4.000.000;0.000000 ;0.000000 ;0
285;277;24.000.000.000.000;2.930.000.000.000;70.000.000.000;10.000.000.000;4.000.000;0.000000 ;0.000000 ;1
286;290;6.000.000.000.000;2.660.000.000.000;83.333.330.000;10.000.000.000;4.000.000;0.000000 ;0.000000 ;1
287;272;6.000.000.000.000;1.890.000.000.000;196.666.670.000;10.000.000.000;4.000.000;0.000000 ;0.000000 ;1
287;290;6.000.000.000.000;1.280.000.000.000;36.666.670.000;10.000.000.000;4.000.000;0.000000 ;0.000000 ;1
288;71;6.000.000.000.000;2.820.000.000.000;163.333.330.000;10.000.000.000;4.000.000;0.000000 ;0.000000 ;1
288;286;6.000.000.000.000;970.000.000.000;30.000.000.000;10.000.000.000;4.000.000;0.000000 ;0.000000 ;1
289;284;24.000.000.000.000;1.380.000.000.000;40.000.000.000;10.000.000.000;4.000.000;0.000000 ;0.000000 ;1
290;287;6.000.000.000.000;1.280.000.000.000;36.666.670.000;10.000.000.000;4.000.000;0.000000 ;0.000000 ;1
290;288;6.000.000.000.000;3.380.000.000.000;116.666.670.000;10.000.000.000;4.000.000;0.000000 ;0.000000 ;1
291;294;24.000.000.000.000;550.000.000.000;23.333.330.000;10.000.000.000;4.000.000;0.000000 ;0.000000 ;1
292;240;24.000.000.000.000;120.000.000.000; 0.3333330000 ;10.000.000.000;4.000.000;0.000000 ;0.000000 ;1
292;243;24.000.000.000.000;890.000.000.000;30.000.000.000;10.000.000.000;4.000.000;0.000000 ;0.000000 ;1
293;241;24.000.000.000.000;1.820.000.000.000;56.666.670.000;10.000.000.000;4.000.000;0.000000 ;0.000000 ;1
294;129;24.000.000.000.000;3.110.000.000.000;156.666.670.000;10.000.000.000;4.000.000;0.000000 ;0.000000 ;1
296;295;24.000.000.000.000;160.000.000.000; 0.6666670000 ;10.000.000.000;4.000.000;0.000000 ;0.000000 ;1
296;297;24.000.000.000.000;230.000.000.000;20.000.000.000;10.000.000.000;4.000.000;0.000000 ;0.000000 ;1
297;333;24.000.000.000.000;120.000.000.000;10.000.000.000;10.000.000.000;4.000.000;0.000000 ;0.000000 ;1
298;4;9.999.990.000.000.000;   0.0000000000 ; 0.0000000000 ;0.0000000000 ;4.000.000;0.000000 ;0.000000 ;0
298;299;24.000.000.000.000;250.000.000.000;13.333.330.000;10.000.000.000;4.000.000;0.000000 ;0.000000 ;1
298;307;24.000.000.000.000;230.000.000.000;10.000.000.000;10.000.000.000;4.000.000;0.000000 ;0.000000 ;1
299;4;9.999.990.000.000.000;   0.0000000000 ; 0.0000000000 ;0.0000000000 ;4.000.000;0.000000 ;0.000000 ;0
299;303;24.000.000.000.000;2.470.000.000.000;80.000.000.000;10.000.000.000;4.000.000;0.000000 ;0.000000 ;1
299;313;24.000.000.000.000;140.000.000.000; 0.3333330000 ;10.000.000.000;4.000.000;0.000000 ;0.000000 ;1
300;298;24.000.000.000.000;830.000.000.000;86.666.670.000;10.000.000.000;4.000.000;0.000000 ;0.000000 ;1
300;301;24.000.000.000.000;730.000.000.000;20.000.000.000;10.000.000.000;4.000.000;0.000000 ;0.000000 ;1
301;300;24.000.000.000.000;730.000.000.000;20.000.000.000;10.000.000.000;4.000.000;0.000000 ;0.000000 ;1
301;305;24.000.000.000.000;1.700.000.000.000;70.000.000.000;10.000.000.000;4.000.000;0.000000 ;0.000000 ;1
302;304;24.000.000.000.000;160.000.000.000; 0.3333330000 ;10.000.000.000;4.000.000;0.000000 ;0.000000 ;1
302;311;24.000.000.000.000;2.490.000.000.000;106.666.670.000;10.000.000.000;4.000.000;0.000000 ;0.000000 ;1
303;4;9.999.990.000.000.000;   0.0000000000 ; 0.0000000000 ;0.0000000000 ;4.000.000;0.000000 ;0.000000 ;0
303;309;24.000.000.000.000;480.000.000.000;20.000.000.000;10.000.000.000;4.000.000;0.000000 ;0.000000 ;1
303;312;24.000.000.000.000;190.000.000.000; 0.3333330000 ;10.000.000.000;4.000.000;0.000000 ;0.000000 ;1
304;199;24.000.000.000.000;170.000.000.000;36.666.670.000;10.000.000.000;4.000.000;0.000000 ;0.000000 ;1
304;302;24.000.000.000.000;160.000.000.000; 0.3333330000 ;10.000.000.000;4.000.000;0.000000 ;0.000000 ;1
305;259;24.000.000.000.000;2.890.000.000.000;146.666.670.000;10.000.000.000;4.000.000;0.000000 ;0.000000 ;1
305;301;24.000.000.000.000;1.700.000.000.000;46.666.670.000;10.000.000.000;4.000.000;0.000000 ;0.000000 ;1
306;305;24.000.000.000.000;1.890.000.000.000;73.333.330.000;10.000.000.000;4.000.000;0.000000 ;0.000000 ;1
307;308;24.000.000.000.000;750.000.000.000;26.666.670.000;10.000.000.000;4.000.000;0.000000 ;0.000000 ;1
307;311;24.000.000.000.000;150.000.000.000; 0.3333330000 ;10.000.000.000;4.000.000;0.000000 ;0.000000 ;1
308;304;24.000.000.000.000;1.740.000.000.000;76.666.670.000;10.000.000.000;4.000.000;0.000000 ;0.000000 ;1
309;170;24.000.000.000.000;7.060.000.000.000;210.000.000.000;10.000.000.000;4.000.000;0.000000 ;0.000000 ;1
310;198;9.000.000.000.000;1.350.000.000.000;116.666.670.000;10.000.000.000;4.000.000;0.000000 ;0.000000 ;1
311;298;24.000.000.000.000;170.000.000.000; 0.3333330000 ;10.000.000.000;4.000.000;0.000000 ;0.000000 ;1
311;300;24.000.000.000.000;930.000.000.000;23.333.330.000;10.000.000.000;4.000.000;0.000000 ;0.000000 ;1
312;4;9.999.990.000.000.000;   0.0000000000 ; 0.0000000000 ;0.0000000000 ;4.000.000;0.000000 ;0.000000 ;0
312;303;24.000.000.000.000;190.000.000.000; 0.3333330000 ;10.000.000.000;4.000.000;0.000000 ;0.000000 ;1
312;313;24.000.000.000.000;2.480.000.000.000;83.333.330.000;10.000.000.000;4.000.000;0.000000 ;0.000000 ;1
313;299;24.000.000.000.000;140.000.000.000; 0.3333330000 ;10.000.000.000;4.000.000;0.000000 ;0.000000 ;1
313;307;24.000.000.000.000;440.000.000.000;23.333.330.000;10.000.000.000;4.000.000;0.000000 ;0.000000 ;1
314;21;9.999.990.000.000.000;   0.0000000000 ; 0.0000000000 ;0.0000000000 ;4.000.000;0.000000 ;0.000000 ;0
314;348;9.000.000.000.000;4.640.000.000.000;126.666.670.000;10.000.000.000;4.000.000;0.000000 ;0.000000 ;1
315;13;9.999.990.000.000.000;   0.0000000000 ; 0.0000000000 ;0.0000000000 ;4.000.000;0.000000 ;0.000000 ;0
315;21;9.999.990.000.000.000;   0.0000000000 ; 0.0000000000 ;0.0000000000 ;4.000.000;0.000000 ;0.000000 ;0
315;226;9.000.000.000.000;2.280.000.000.000;143.333.330.000;10.000.000.000;4.000.000;0.000000 ;0.000000 ;1
318;15;9.999.990.000.000.000;   0.0000000000 ; 0.0000000000 ;0.0000000000 ;4.000.000;0.000000 ;0.000000 ;0
318;279;24.000.000.000.000;1.250.000.000.000;50.000.000.000;10.000.000.000;4.000.000;0.000000 ;0.000000 ;1
318;320;24.000.000.000.000;1.570.000.000.000;40.000.000.000;10.000.000.000;4.000.000;0.000000 ;0.000000 ;1
319;15;9.999.990.000.000.000;   0.0000000000 ; 0.0000000000 ;0.0000000000 ;4.000.000;0.000000 ;0.000000 ;0
319;318;24.000.000.000.000;1.540.000.000.000;33.333.330.000;10.000.000.000;4.000.000;0.000000 ;0.000000 ;1
320;15;9.999.990.000.000.000;   0.0000000000 ; 0.0000000000 ;0.0000000000 ;4.000.000;0.000000 ;0.000000 ;0
320;202;24.000.000.000.000;4.800.000.000.000;220.000.000.000;10.000.000.000;4.000.000;0.000000 ;0.000000 ;1
321;345;24.000.000.000.000;1.900.000.000.000;53.333.330.000;10.000.000.000;4.000.000;0.000000 ;0.000000 ;1
322;346;24.000.000.000.000;480.000.000.000;16.666.670.000;10.000.000.000;4.000.000;0.000000 ;0.000000 ;1
323;15;9.999.990.000.000.000;   0.0000000000 ; 0.0000000000 ;0.0000000000 ;4.000.000;0.000000 ;0.000000 ;0
323;319;24.000.000.000.000;3.380.000.000.000;113.333.330.000;10.000.000.000;4.000.000;0.000000 ;0.000000 ;1
324;20;9.999.990.000.000.000;   0.0000000000 ; 0.0000000000 ;0.0000000000 ;4.000.000;0.000000 ;0.000000 ;0
324;326;9.000.000.000.000;3.840.000.000.000;116.666.670.000;10.000.000.000;4.000.000;0.000000 ;0.000000 ;1
325;204;24.000.000.000.000;3.410.000.000.000;156.666.670.000;10.000.000.000;4.000.000;0.000000 ;0.000000 ;1
325;208;24.000.000.000.000;1.600.000.000.000;116.666.670.000;10.000.000.000;4.000.000;0.000000 ;0.000000 ;1
325;324;9.000.000.000.000;2.680.000.000.000;70.000.000.000;10.000.000.000;4.000.000;0.000000 ;0.000000 ;1
326;212;6.000.000.000.000;460.000.000.000;13.333.330.000;10.000.000.000;4.000.000;0.000000 ;0.000000 ;1
326;325;9.000.000.000.000;6.520.000.000.000;233.333.330.000;10.000.000.000;4.000.000;0.000000 ;0.000000 ;1
326;327;9.000.000.000.000;1.560.000.000.000;56.666.670.000;10.000.000.000;4.000.000;0.000000 ;0.000000 ;1
327;326;9.000.000.000.000;1.560.000.000.000;76.666.670.000;10.000.000.000;4.000.000;0.000000 ;0.000000 ;1
328;327;6.000.000.000.000;3.590.000.000.000;90.000.000.000;10.000.000.000;4.000.000;0.000000 ;0.000000 ;1
329;1;9.999.990.000.000.000;   0.0000000000 ; 0.0000000000 ;0.0000000000 ;4.000.000;0.000000 ;0.000000 ;0
329;312;24.000.000.000.000;7.120.000.000.000;200.000.000.000;10.000.000.000;4.000.000;0.000000 ;0.000000 ;1
330;331;28.000.000.000.000;150.000.000.000; 0.6666670000 ;10.000.000.000;4.000.000;0.000000 ;0.000000 ;1
330;340;28.000.000.000.000;830.000.000.000;20.000.000.000;10.000.000.000;4.000.000;0.000000 ;0.000000 ;1
331;76;28.000.000.000.000;5.220.000.000.000;186.666.670.000;10.000.000.000;4.000.000;0.000000 ;0.000000 ;1
331;341;28.000.000.000.000;140.000.000.000; 0.3333330000 ;10.000.000.000;4.000.000;0.000000 ;0.000000 ;1
332;330;28.000.000.000.000;150.000.000.000; 0.6666670000 ;10.000.000.000;4.000.000;0.000000 ;0.000000 ;1
332;335;28.000.000.000.000;1.550.000.000.000;66.666.670.000;10.000.000.000;4.000.000;0.000000 ;0.000000 ;1
333;184;9.000.000.000.000;830.000.000.000;23.333.330.000;10.000.000.000;4.000.000;0.000000 ;0.000000 ;1
333;292;24.000.000.000.000;150.000.000.000;13.333.330.000;10.000.000.000;4.000.000;0.000000 ;0.000000 ;1
334;19;9.999.990.000.000.000;   0.0000000000 ; 0.0000000000 ;0.0000000000 ;4.000.000;0.000000 ;0.000000 ;0
334;337;28.000.000.000.000;120.000.000.000; 0.3333330000 ;10.000.000.000;4.000.000;0.000000 ;0.000000 ;1
334;338;28.000.000.000.000;3.580.000.000.000;76.666.670.000;10.000.000.000;4.000.000;0.000000 ;0.000000 ;1
335;93;28.000.000.000.000;540.000.000.000;26.666.670.000;10.000.000.000;4.000.000;0.000000 ;0.000000 ;1
336;337;28.000.000.000.000;3.580.000.000.000;80.000.000.000;10.000.000.000;4.000.000;0.000000 ;0.000000 ;1
336;338;28.000.000.000.000;100.000.000.000; 0.3333330000 ;10.000.000.000;4.000.000;0.000000 ;0.000000 ;1
337;19;9.999.990.000.000.000;   0.0000000000 ; 0.0000000000 ;0.0000000000 ;4.000.000;0.000000 ;0.000000 ;0
337;46;60.000.000.000.000;2.560.000.000.000;200.000.000.000;10.000.000.000;4.000.000;0.000000 ;0.000000 ;1
337;334;28.000.000.000.000;120.000.000.000; 0.3333330000 ;10.000.000.000;4.000.000;0.000000 ;0.000000 ;1
338;336;28.000.000.000.000;100.000.000.000; 0.3333330000 ;10.000.000.000;4.000.000;0.000000 ;0.000000 ;1
338;339;28.000.000.000.000;2.730.000.000.000;60.000.000.000;10.000.000.000;4.000.000;0.000000 ;0.000000 ;1
339;342;28.000.000.000.000;2.910.000.000.000;113.333.330.000;10.000.000.000;4.000.000;0.000000 ;0.000000 ;1
339;343;28.000.000.000.000;70.000.000.000; 0.3333330000 ;10.000.000.000;4.000.000;0.000000 ;0.000000 ;1
340;342;28.000.000.000.000;100.000.000.000; 0.3333330000 ;10.000.000.000;4.000.000;0.000000 ;0.000000 ;1
340;343;28.000.000.000.000;2.920.000.000.000;70.000.000.000;10.000.000.000;4.000.000;0.000000 ;0.000000 ;1
341;332;28.000.000.000.000;180.000.000.000;10.000.000.000;10.000.000.000;4.000.000;0.000000 ;0.000000 ;1
342;331;28.000.000.000.000;790.000.000.000;56.666.670.000;10.000.000.000;4.000.000;0.000000 ;0.000000 ;1
342;340;28.000.000.000.000;100.000.000.000; 0.3333330000 ;10.000.000.000;4.000.000;0.000000 ;0.000000 ;1
343;336;28.000.000.000.000;2.710.000.000.000;60.000.000.000;10.000.000.000;4.000.000;0.000000 ;0.000000 ;1
343;339;28.000.000.000.000;70.000.000.000; 0.3333330000 ;10.000.000.000;4.000.000;0.000000 ;0.000000 ;1
344;271;24.000.000.000.000;1.460.000.000.000;106.666.670.000;10.000.000.000;4.000.000;0.000000 ;0.000000 ;1
344;347;24.000.000.000.000;3.330.000.000.000;96.666.670.000;10.000.000.000;4.000.000;0.000000 ;0.000000 ;1
345;344;24.000.000.000.000;1.950.000.000.000;56.666.670.000;10.000.000.000;4.000.000;0.000000 ;0.000000 ;1
346;3;9.999.990.000.000.000;   0.0000000000 ; 0.0000000000 ;0.0000000000 ;4.000.000;0.000000 ;0.000000 ;0
346;155;24.000.000.000.000;2.060.000.000.000;60.000.000.000;10.000.000.000;4.000.000;0.000000 ;0.000000 ;1
347;321;24.000.000.000.000;520.000.000.000;13.333.330.000;10.000.000.000;4.000.000;0.000000 ;0.000000 ;1
348;1;9.999.990.000.000.000;   0.0000000000 ; 0.0000000000 ;0.0000000000 ;4.000.000;0.000000 ;0.000000 ;0
348;269;9.000.000.000.000;3.990.000.000.000;103.333.330.000;10.000.000.000;4.000.000;0.000000 ;0.000000 ;1
349;21;9.999.990.000.000.000;   0.0000000000 ; 0.0000000000 ;0.0000000000 ;4.000.000;0.000000 ;0.000000 ;0
349;315;9.000.000.000.000;2.810.000.000.000;73.333.330.000;10.000.000.000;4.000.000;0.000000 ;0.000000 ;1
350;349;9.000.000.000.000;4.660.000.000.000;116.666.670.000;10.000.000.000;4.000.000;0.000000 ;0.000000 ;1
351;23;9.999.990.000.000.000;   0.0000000000 ; 0.0000000000 ;0.0000000000 ;4.000.000;0.000000 ;0.000000 ;0
351;357;9.000.000.000.000;2.900.000.000.000;90.000.000.000;10.000.000.000;4.000.000;0.000000 ;0.000000 ;1
351;359;9.000.000.000.000;180.000.000.000; 0.3333330000 ;10.000.000.000;4.000.000;0.000000 ;0.000000 ;1
352;22;9.999.990.000.000.000;   0.0000000000 ; 0.0000000000 ;0.0000000000 ;4.000.000;0.000000 ;0.000000 ;0
352;23;9.999.990.000.000.000;   0.0000000000 ; 0.0000000000 ;0.0000000000 ;4.000.000;0.000000 ;0.000000 ;0
352;353;9.000.000.000.000;1.810.000.000.000;56.666.670.000;10.000.000.000;4.000.000;0.000000 ;0.000000 ;1
353;23;9.999.990.000.000.000;   0.0000000000 ; 0.0000000000 ;0.0000000000 ;4.000.000;0.000000 ;0.000000 ;0
353;351;9.000.000.000.000;730.000.000.000;20.000.000.000;10.000.000.000;4.000.000;0.000000 ;0.000000 ;1
353;354;9.000.000.000.000;230.000.000.000; 0.6666670000 ;10.000.000.000;4.000.000;0.000000 ;0.000000 ;1
353;358;9.000.000.000.000;2.940.000.000.000;96.666.670.000;10.000.000.000;4.000.000;0.000000 ;0.000000 ;1
354;257;9.000.000.000.000;2.720.000.000.000;73.333.330.000;10.000.000.000;4.000.000;0.000000 ;0.000000 ;1
354;353;9.000.000.000.000;230.000.000.000;10.000.000.000;10.000.000.000;4.000.000;0.000000 ;0.000000 ;1
355;22;9.999.990.000.000.000;   0.0000000000 ; 0.0000000000 ;0.0000000000 ;4.000.000;0.000000 ;0.000000 ;0
355;310;9.000.000.000.000;1.710.000.000.000;76.666.670.000;10.000.000.000;4.000.000;0.000000 ;0.000000 ;1
355;356;9.000.000.000.000;150.000.000.000; 0.3333330000 ;10.000.000.000;4.000.000;0.000000 ;0.000000 ;1
356;22;9.999.990.000.000.000;   0.0000000000 ; 0.0000000000 ;0.0000000000 ;4.000.000;0.000000 ;0.000000 ;0
356;355;9.000.000.000.000;150.000.000.000;16.666.670.000;10.000.000.000;4.000.000;0.000000 ;0.000000 ;1
356;359;9.000.000.000.000;4.280.000.000.000;130.000.000.000;10.000.000.000;4.000.000;0.000000 ;0.000000 ;1
357;22;9.999.990.000.000.000;   0.0000000000 ; 0.0000000000 ;0.0000000000 ;4.000.000;0.000000 ;0.000000 ;0
357;355;9.000.000.000.000;1.370.000.000.000;36.666.670.000;10.000.000.000;4.000.000;0.000000 ;0.000000 ;1
358;260;9.000.000.000.000;3.000.000.000.000;126.666.670.000;10.000.000.000;4.000.000;0.000000 ;0.000000 ;1
359;351;9.000.000.000.000;180.000.000.000; 0.3333330000 ;10.000.000.000;4.000.000;0.000000 ;0.000000 ;1
359;354;9.000.000.000.000;810.000.000.000;63.333.330.000;10.000.000.000;4.000.000;0.000000 ;0.000000 ;1
360;119;28.000.000.000.000;410.000.000.000;53.333.330.000;10.000.000.000;4.000.000;0.000000 ;0.000000 ;1
360;132;28.000.000.000.000;270.000.000.000;20.000.000.000;10.000.000.000;4.000.000;0.000000 ;0.000000 ;1
361;34;6.000.000.000.000;3.270.000.000.000;123.333.330.000;10.000.000.000;4.000.000;0.000000 ;0.000000 ;1
361;43;28.000.000.000.000;3.630.000.000.000;140.000.000.000;10.000.000.000;4.000.000;0.000000 ;0.000000 ;1
361;167;9.000.000.000.000;700.000.000.000;33.333.330.000;10.000.000.000;4.000.000;0.000000 ;0.000000 ;1
